review_text,rating,author,date,app_version,source,language,sentiment
"this app is not very accessible for visually, impaired persons and in ios again and again we have to login this app. this is worst experience. very mad policy of the company.",2.0,Joyal J F,2025-11-13T18:42:20-07:00,25.1031.00,app_store_reviews_complete.csv,en,-0.4891826923076923
very nice,5.0,Kannada Chandru,2025-11-13T06:03:06-07:00,25.1031.00,app_store_reviews_complete.csv,cs,0.78
malesh,5.0,VDKmm,2025-11-13T05:59:23-07:00,25.1031.00,app_store_reviews_complete.csv,sq,0.0
please do not purchase gold in digital gold. it is not working. you may lose money.,2.0,Mohan8889,2025-11-13T05:42:49-07:00,25.1031.00,app_store_reviews_complete.csv,en,0.0
good and fastest services and easy access,5.0,Harvindra singhal,2025-11-13T04:06:39-07:00,25.1031.00,app_store_reviews_complete.csv,en,0.5666666666666667
jagtap,1.0,Pradip Jagtap,2025-11-12T20:35:39-07:00,25.1031.00,app_store_reviews_complete.csv,tl,0.0
good condition,5.0,Abhishek Maury,2025-11-12T16:08:59-07:00,25.1031.00,app_store_reviews_complete.csv,en,0.7
very delay update new features,3.0,csvinayak,2025-11-12T06:26:13-07:00,25.1031.00,app_store_reviews_complete.csv,en,0.16818181818181818
it's amazing,5.0,Anmol deol,2025-11-12T05:34:19-07:00,25.1031.00,app_store_reviews_complete.csv,tl,0.6000000000000001
outdated interface,1.0,Mickypandu,2025-11-12T05:33:14-07:00,25.1031.00,app_store_reviews_complete.csv,en,-0.4000000000000001
"need to close and open for 2 times than it will open .. phonepe app is not opening for 1 time when we open ,",1.0,Rockysince1997,2025-11-12T01:29:09-07:00,25.1017.05,app_store_reviews_complete.csv,en,0.0
excellent speed,5.0,Hvrrrddy,2025-11-12T01:00:20-07:00,25.1017.05,app_store_reviews_complete.csv,nl,1.0
"super app. user friendly, handy and convenient nice to deal with",5.0,Rajashekar Hebbar C,2025-11-11T22:36:16-07:00,25.1017.05,app_store_reviews_complete.csv,en,0.4770833333333333
best,5.0,Sohi jass,2025-11-11T20:06:59-07:00,25.1017.05,app_store_reviews_complete.csv,af,1.0
1st whenever we enter the new number it's take too long time to appear the name 2nd in the history when i going to pay again it's not able to click 3rd when we click to mobile number in the recent it's showing old transaction not recent.,1.0,Kaushalrajhbd,2025-11-11T19:49:05-07:00,25.1017.05,app_store_reviews_complete.csv,en,-0.007954545454545454
the app is not opening its just keep on loading,5.0,Faheem Taj,2025-11-11T06:55:42-07:00,25.1017.05,app_store_reviews_complete.csv,en,0.0
"i've been trying to download my phonepe transaction statement for fy 2023–24, but the app shows a technical error every time. it's been over 3 days, and even after emailing customer support, i've received no response or solution. phonepe is good for payments, but the support system and technical reliability are very poor. please fix the statement download issue and respond to users who genuinely need their transaction records for financial purposes.",1.0,Sikarwar vinay,2025-11-11T06:39:39-07:00,25.1017.05,app_store_reviews_complete.csv,en,0.09666666666666666
hood one,5.0,Ziggi jsm,2025-11-11T05:44:00-07:00,25.1017.05,app_store_reviews_complete.csv,en,0.0
free mai pasia cut kartei ase joke mera bhot pasia chala geya mera acc se yei app ko use he mat kro paltu wala app hai not good for online,1.0,Online thief,2025-11-11T04:17:01-07:00,25.1017.05,app_store_reviews_complete.csv,en,0.025000000000000022
"provide a way to opt out of promotional notifications, please don't abuse the permissions we give you by spamming with random notifications every hour.",1.0,Timepass7,2025-11-11T03:13:57-07:00,25.1017.05,app_store_reviews_complete.csv,en,-0.5
"what nonsense is this? phonepe suddenly stopped working on my iphone 8 plus just because it needs ios 17 — which isn't even available for my phone! this app worked perfectly fine a year ago, and now you're forcing people to buy a new phone just to make payments? totally unfair and frustrating. stop looting consumers in the name of updates!",1.0,Vipul Simariya,2025-11-11T01:28:22-07:00,25.1017.05,app_store_reviews_complete.csv,en,0.008838383838383868
good app,5.0,Vaibhavmama,2025-11-10T21:08:57-07:00,25.1017.05,app_store_reviews_complete.csv,en,0.7
bangalore metro is not available for doing the recharge not sure why this one which is one of the imp commutation methods in bangalore is left out please add the same,1.0,HkLakshmi,2025-11-10T16:54:58-07:00,25.1017.05,app_store_reviews_complete.csv,en,-0.1125
daud,5.0,Arbaz  nadaf,2025-11-10T06:48:46-07:00,25.1017.05,app_store_reviews_complete.csv,cy,0.0
cool,5.0,DarrenFern,2025-11-10T03:23:06-07:00,25.1017.05,app_store_reviews_complete.csv,en,0.35
good i am happy,5.0,Aniket gotad,2025-11-10T02:29:26-07:00,25.1017.05,app_store_reviews_complete.csv,cy,0.75
enjoying but their is a no cash back offer,5.0,Kunal Lal Patil,2025-11-10T01:53:19-07:00,25.1017.05,app_store_reviews_complete.csv,en,0.25
very good sir,5.0,Bijay Kumar mallick,2025-11-09T22:28:28-07:00,25.1017.05,app_store_reviews_complete.csv,af,0.9099999999999999
good job,5.0,giriraj vaishnav,2025-11-09T21:51:51-07:00,25.1017.05,app_store_reviews_complete.csv,so,0.7
excellent,5.0,B.Radhakrishnan,2025-11-09T21:05:17-07:00,25.1017.05,app_store_reviews_complete.csv,ca,1.0
to open,3.0,Vaishali khate,2025-11-09T20:49:39-07:00,25.1017.05,app_store_reviews_complete.csv,en,0.0
phonepe,5.0,Khurshed so,2025-11-09T19:08:26-07:00,25.1017.05,app_store_reviews_complete.csv,en,0.0
after update phone pe is not working on iphone 7. app is not at all openning just white screen comming,1.0,r@meshD,2025-11-09T17:54:09-07:00,25.0613.05,app_store_reviews_complete.csv,en,0.0
excellent,5.0,gali dilip,2025-11-09T08:22:50-07:00,25.1017.05,app_store_reviews_complete.csv,ca,1.0
can be improved,1.0,10000 i lost,2025-11-09T05:08:59-07:00,25.1017.05,app_store_reviews_complete.csv,en,0.0
bs keshapur,5.0,Keshapur,2025-11-09T03:28:59-07:00,25.1017.05,app_store_reviews_complete.csv,sq,0.0
avoid takin extra money,2.0,Alfa3655,2025-11-09T00:39:35-07:00,25.1017.05,app_store_reviews_complete.csv,fi,0.0
never ever underestimate indian's.,5.0,Reddychot,2025-11-08T19:17:16-07:00,25.1017.05,app_store_reviews_complete.csv,da,0.0
very easy to use . everyone can understand . every option is useful. this app is unbeatable,5.0,rajvbhagya,2025-11-08T18:34:43-07:00,25.1017.05,app_store_reviews_complete.csv,en,0.43166666666666664
phonepe digital gold is a grid run by phonepe and jewellers. when you buy a gold they don't deliver you the gold. they ask you to sell for the fake market price for heavy loss as their market price is always 5000 rupees less than the actual market price,1.0,ArunJolad,2025-11-08T09:45:58-07:00,25.1017.05,app_store_reviews_complete.csv,en,-0.1733333333333333
app is so much smooth,5.0,Vyankatesh Pillay,2025-11-08T06:35:30-07:00,25.1017.05,app_store_reviews_complete.csv,en,0.4
smart sk,5.0,Smart Arkhit,2025-11-08T06:26:04-07:00,25.1017.05,app_store_reviews_complete.csv,sv,0.21428571428571427
mani,5.0,mani9346,2025-11-08T05:28:29-07:00,25.1017.05,app_store_reviews_complete.csv,sw,0.0
good service,5.0,SAHEB DEBNATH,2025-11-08T05:02:47-07:00,25.1017.05,app_store_reviews_complete.csv,hr,0.7
excellent service,5.0,kmvasava,2025-11-08T04:07:55-07:00,25.1017.05,app_store_reviews_complete.csv,fr,1.0
"noting working on app , show something went wrong. please fix the issue as getting error on payment,history all bills related",1.0,Praful 8340,2025-11-08T01:29:12-07:00,25.1017.05,app_store_reviews_complete.csv,en,-0.25
not like,1.0,Mhsnmohmed,2025-11-07T22:42:52-07:00,25.1017.05,app_store_reviews_complete.csv,sl,0.0
"app stooped working .even after reinstalling app white screen issue still persist. there is no way to contact customer care for such issues everytime i have to restart app ,,,, very frustrating",1.0,HMARKNK,2025-11-07T20:46:51-07:00,25.1017.05,app_store_reviews_complete.csv,en,-0.17333333333333334
best,5.0,Purushottam bunny,2025-11-07T16:37:33-07:00,25.1017.05,app_store_reviews_complete.csv,af,1.0
"post updating the latest version app stopped working, i can't even access",1.0,OmkarSingh,2025-11-07T08:54:35-07:00,25.1017.05,app_store_reviews_complete.csv,en,0.5
fraud ho rahe hai aab phone pay ma,5.0,Tu  CC ni dad,2025-11-07T05:53:33-07:00,25.1017.05,app_store_reviews_complete.csv,cy,0.0
so much,5.0,Solty paan shop,2025-11-07T05:31:10-07:00,25.1017.05,app_store_reviews_complete.csv,es,0.2
super,5.0,Sandeshmsgowda,2025-11-07T04:34:30-07:00,25.1017.05,app_store_reviews_complete.csv,ro,0.3333333333333333
easy for life,5.0,Tibrata,2025-11-07T03:10:28-07:00,25.1017.05,app_store_reviews_complete.csv,en,0.43333333333333335
worst app i used iam invest in gold but the amount is not credited in my accunt but they show the amount is credited,1.0,Offlx abi,2025-11-07T02:43:26-07:00,25.1017.05,app_store_reviews_complete.csv,en,-1.0
"i have issue regarding kyc and tried calling on support numbers but agents are not available or no option to talk to agents, no email id provided by company so in sort your problem can't be heard.",1.0,Krishna keshari,2025-11-06T22:50:53-07:00,25.1017.05,app_store_reviews_complete.csv,en,-0.2
good job guys,5.0,I’m owner the city Mary,2025-11-06T21:09:08-07:00,25.1017.05,app_store_reviews_complete.csv,so,0.7
gond,5.0,Bhabani Gond,2025-11-06T20:59:27-07:00,25.1017.05,app_store_reviews_complete.csv,cy,0.0
very gif,1.0,Pappakutty,2025-11-06T19:28:59-07:00,25.1017.05,app_store_reviews_complete.csv,en,0.2
not one instance of payment failure. smooth and effortless.,5.0,Harish Ramaswamy,2025-11-06T18:33:04-07:00,25.1017.05,app_store_reviews_complete.csv,en,0.041666666666666685
guys please don't top up your phonepe wallet as there is no option to send the money through wallet even though i have my balance even i am not able to withdraw my money from the wallet as it says transaction failed due to technical error. its so cheap. now i don't know wt to do.,1.0,Rajneesh B.S,2025-11-06T06:48:01-07:00,25.1017.05,app_store_reviews_complete.csv,en,0.00416666666666667
i am sorry but i forgot the name but the person was so helpful now i can do the transaction,5.0,F0204,2025-11-06T00:27:20-07:00,25.1017.05,app_store_reviews_complete.csv,en,-0.5
technical issue,2.0,Gf ddgh,2025-11-05T22:06:21-07:00,25.1017.05,app_store_reviews_complete.csv,en,0.0
"trying to contact customer care service regarding cc but unable to pass through ivr agent no reply from phonepe also. if they can't understand the customer querry , i am bound to say poor customer care service.",3.0,ReyAKV,2025-11-05T21:06:49-07:00,25.1017.05,app_store_reviews_complete.csv,en,-0.45
very good & fast service,5.0,Yuvan krishna,2025-11-05T19:31:19-07:00,25.1017.05,app_store_reviews_complete.csv,en,0.5549999999999999
nice,5.0,skumarsoni,2025-11-05T09:09:34-07:00,25.1017.05,app_store_reviews_complete.csv,pl,0.6
good,5.0,Satish he,2025-11-05T07:26:38-07:00,25.1017.05,app_store_reviews_complete.csv,so,0.7
easy to use,5.0,Musjad,2025-11-05T07:06:53-07:00,25.1017.05,app_store_reviews_complete.csv,en,0.43333333333333335
never know when it works or not. need to have back up/ option b handy,4.0,Trixe term lie,2025-11-05T06:55:33-07:00,25.1017.05,app_store_reviews_complete.csv,en,0.3
it's easy to pay,5.0,Nausahad,2025-11-05T06:05:51-07:00,25.1017.05,app_store_reviews_complete.csv,en,0.43333333333333335
poor service i have complainted regarding an issue but it has been around a month no use the issue is not solved until now,1.0,Nabeel2139,2025-11-05T01:50:52-07:00,25.1017.05,app_store_reviews_complete.csv,en,-0.4
good,5.0,Amanprit singh,2025-11-04T22:07:06-07:00,25.1017.05,app_store_reviews_complete.csv,so,0.7
don't use this aap. third class services . you can withdrawl your own money.,1.0,SHIVER KUMAR,2025-11-04T09:12:23-07:00,25.1017.05,app_store_reviews_complete.csv,en,0.3
nice,5.0,jot banur,2025-11-04T07:59:53-07:00,25.1017.05,app_store_reviews_complete.csv,pl,0.6
+91 78454 35832,5.0,91 78454 35832,2025-11-04T07:16:46-07:00,25.1017.05,app_store_reviews_complete.csv,unknown,0.0
super,5.0,Golu Dhande,2025-11-04T05:52:12-07:00,25.1017.05,app_store_reviews_complete.csv,ro,0.3333333333333333
super app in phonepe,5.0,Cut boy123,2025-11-04T05:34:08-07:00,25.1017.05,app_store_reviews_complete.csv,en,0.3333333333333333
good,5.0,Simmuali,2025-11-04T04:11:01-07:00,25.1017.05,app_store_reviews_complete.csv,so,0.7
they make a app such as these for teens,5.0,fckumcgdg,2025-11-04T04:08:25-07:00,25.1017.05,app_store_reviews_complete.csv,en,0.0
its very easy to use and secure also thanks for easy my payment,5.0,raza461938,2025-11-04T01:11:03-07:00,25.1017.00,app_store_reviews_complete.csv,en,0.39916666666666667
good,5.0,Harish  Desai,2025-11-03T22:28:45-07:00,25.1017.00,app_store_reviews_complete.csv,so,0.7
no cash back. no cash back,1.0,Vicky kadva,2025-11-03T20:33:16-07:00,25.1017.00,app_store_reviews_complete.csv,en,0.0
esme 18 year+ bank accounts bante h jo ki bahut safe h esse hm hm subscriber bhi kar sakte h recharge bhi kar sakte h and upi bhi kar sakte h or daily saving se gold bhi jma kar sakte h = safe app,5.0,Khemsa  jani,2025-11-03T10:09:27-07:00,25.1017.00,app_store_reviews_complete.csv,id,0.3333333333333333
"today i faced problem with p.pay , i didn't work",1.0,Ravi ramaraj,2025-11-03T06:45:45-07:00,25.1017.00,app_store_reviews_complete.csv,en,0.0
awesome user interface. i feel very convenient using this app for payments. thanks.,5.0,Suman Gunta,2025-11-03T03:39:04-07:00,25.1017.00,app_store_reviews_complete.csv,en,0.4666666666666666
nice,5.0,Sangyabhau,2025-11-03T01:22:09-07:00,25.1017.00,app_store_reviews_complete.csv,pl,0.6
good app,5.0,Nikhil1132,2025-11-02T22:57:53-07:00,25.1017.00,app_store_reviews_complete.csv,en,0.7
good,5.0,Free cesh,2025-11-02T22:16:13-07:00,25.1017.00,app_store_reviews_complete.csv,so,0.7
"when try access camera to scan the qr code it's not working, getting black screen",3.0,Suman-657,2025-11-02T21:47:21-07:00,25.1017.00,app_store_reviews_complete.csv,en,-0.16666666666666666
i want 15 version of phone pay and,1.0,ritktk,2025-11-02T20:27:20-07:00,25.1017.00,app_store_reviews_complete.csv,en,0.0
10 out of 10,5.0,Chhupa rustum,2025-11-02T11:21:21-07:00,25.1017.00,app_store_reviews_complete.csv,en,0.0
motherchood app,1.0,Apu Phukan,2025-11-02T09:14:32-07:00,25.1017.00,app_store_reviews_complete.csv,en,0.0
same,1.0,Guna goud,2025-11-02T08:41:03-07:00,25.1017.00,app_store_reviews_complete.csv,tl,0.0
"""i've been using phonepe for years and my experience has been amazing. it's fast, reliable, and the interface is so simple that even my parents can use it easily. the range of services from upi payments to bill recharges is fantastic.""",5.0,Shahnawaz Shah 03,2025-11-02T08:24:31-07:00,25.1017.00,app_store_reviews_complete.csv,en,0.32666666666666666
"i usually pay my credit card bill, but it has failed and the reversal time is too long. who will be responsible if my bill bounces?",1.0,Sarfuraz,2025-11-02T07:51:03-07:00,25.1017.00,app_store_reviews_complete.csv,en,-0.15000000000000002
no rewards only ad,3.0,Adi hay,2025-11-02T07:45:40-07:00,25.1017.00,app_store_reviews_complete.csv,en,0.0
good,4.0,R.Suresh Babu,2025-11-02T05:48:18-07:00,25.1017.00,app_store_reviews_complete.csv,so,0.7
it just stuck at every step without any progress,1.0,Hoks855,2025-11-02T05:46:09-07:00,25.1017.00,app_store_reviews_complete.csv,en,0.0
"i've been using this app from last six years, and it is amazing and reliable.",5.0,Suvhd,2025-11-02T02:14:24-07:00,25.1017.00,app_store_reviews_complete.csv,en,0.30000000000000004
not wirking,1.0,MiyaBhaiMosn,2025-11-02T02:14:05-07:00,25.0613.05,app_store_reviews_complete.csv,af,0.0
good,5.0,Jayendra j joshi,2025-11-02T01:43:12-07:00,25.1017.00,app_store_reviews_complete.csv,so,0.7
nice,5.0,12shi13,2025-11-02T00:45:39-07:00,25.1017.00,app_store_reviews_complete.csv,pl,0.6
my autopay has failed and i'm not even able to raise a ticket,1.0,stacK5555,2025-11-02T00:25:31-07:00,25.1017.00,app_store_reviews_complete.csv,en,0.0
there was still a complaint that contact names were not displayed. still not fixed,1.0,Prasanth Vanjarapu,2025-11-01T22:42:54-07:00,25.1017.00,app_store_reviews_complete.csv,en,-0.175
no cashbacks compared to other upi apps,3.0,VivekD123,2025-11-01T21:03:56-07:00,25.1017.00,app_store_reviews_complete.csv,en,-0.125
excellent service,5.0,BSvas,2025-11-01T20:10:17-07:00,25.1017.00,app_store_reviews_complete.csv,fr,1.0
no cash back getting in phonepe,1.0,Jashwan26ddhjj,2025-11-01T18:46:09-07:00,25.1017.00,app_store_reviews_complete.csv,en,0.0
i use this app always. i never use cash.,5.0,Dikshya Dutta,2025-11-01T07:55:26-07:00,25.1017.00,app_store_reviews_complete.csv,en,0.0
best app,5.0,Mr baggu,2025-11-01T06:27:14-07:00,25.1017.00,app_store_reviews_complete.csv,fr,1.0
very nice and beautiful,5.0,Dipak Singh13,2025-11-01T05:36:38-07:00,25.1017.00,app_store_reviews_complete.csv,en,0.815
"phone pay is good aap for pay online payment to enjoy any type of facility to buy subscriptions like spotify,online products while buy staying at home. i like this app",5.0,Mani Salwan,2025-11-01T04:19:57-07:00,25.1017.00,app_store_reviews_complete.csv,en,0.55
"when i try to pay contact there is a ui glitch please resolve, when i swipe up to check transaction it goes blank on the bottom",1.0,Bhaswat2002,2025-10-31T23:25:11-07:00,25.1017.00,app_store_reviews_complete.csv,en,0.0
best service,5.0,Srisri76,2025-10-31T22:15:20-07:00,25.1017.00,app_store_reviews_complete.csv,en,1.0
outstanding,5.0,Tinkykanju,2025-10-31T21:18:31-07:00,25.1017.00,app_store_reviews_complete.csv,af,0.5
hi team app not opening bugs kindly fix it asap,1.0,Rajesh roulo,2025-10-31T19:41:53-07:00,25.1017.00,app_store_reviews_complete.csv,en,0.6
very good,5.0,Joshibhasker,2025-10-31T06:22:38-07:00,25.1017.00,app_store_reviews_complete.csv,af,0.9099999999999999
overall a very good app for payments but what i miss is the total spends to see on category wise as in paytm there is a way to see the total spends of every month based on category.this is very useful for me to track my spends and calculate on which i spent the most.it would be very useful if phonepe also shows the report.,4.0,Sathya18_02,2025-10-31T00:52:16-07:00,25.1017.00,app_store_reviews_complete.csv,en,0.28625
5 star,5.0,Dilshad karim Raja,2025-10-30T20:40:04-07:00,25.1017.00,app_store_reviews_complete.csv,sv,0.0
excellent,5.0,Babushabhav,2025-10-30T19:22:15-07:00,25.1017.00,app_store_reviews_complete.csv,ca,1.0
goooooooood,5.0,salmankhanx09,2025-10-30T18:07:13-07:00,25.1017.00,app_store_reviews_complete.csv,so,0.0
received payment not show in full screen,5.0,Mangilal Bhaderwal,2025-10-30T11:26:06-07:00,25.1017.00,app_store_reviews_complete.csv,en,0.35
my phone is not working,1.0,Kirak@143,2025-10-30T07:00:29-07:00,25.1017.00,app_store_reviews_complete.csv,en,0.0
super,5.0,Bhagya ram,2025-10-30T05:54:02-07:00,25.1017.00,app_store_reviews_complete.csv,ro,0.3333333333333333
fetching balance shown wrong in few months,3.0,Subuam,2025-10-30T00:51:04-07:00,25.1003.06,app_store_reviews_complete.csv,en,-0.35
good,4.0,uxfofofieidkskcld,2025-10-29T23:58:34-07:00,25.1003.06,app_store_reviews_complete.csv,so,0.7
thank you my condition,5.0,Rohit_101010,2025-10-29T23:35:57-07:00,25.1003.06,app_store_reviews_complete.csv,en,0.0
very reliable app for pay,5.0,Narinder pannu,2025-10-29T22:06:04-07:00,25.1003.06,app_store_reviews_complete.csv,en,0.2
no any cashback offers,2.0,Chetanshin,2025-10-29T10:38:12-07:00,25.1003.06,app_store_reviews_complete.csv,en,0.1
i have to download again and again due to old iphone not supported phone pay and many apps,2.0,Rajpal singh Rawat,2025-10-29T09:56:17-07:00,25.1003.06,app_store_reviews_complete.csv,en,0.15833333333333333
fast,5.0,A9966773640a,2025-10-29T06:31:31-07:00,25.1003.06,app_store_reviews_complete.csv,it,0.2
it is annoying to erase the caption that comes when i share the msg on other apps. remove it from your app.,4.0,Vivek Raikar,2025-10-29T06:04:15-07:00,25.1003.06,app_store_reviews_complete.csv,en,-0.4625
"phonepay is the easiest, safest and effortless way of money transfer/payment",5.0,NVSwamy,2025-10-29T05:40:18-07:00,25.1003.06,app_store_reviews_complete.csv,en,0.0
app not working suddenly getting out,1.0,Habjsjab,2025-10-29T02:28:44-07:00,25.1003.06,app_store_reviews_complete.csv,af,0.0
feeling good in all locations,5.0,Bharath Gangadhar Jois,2025-10-29T00:54:19-07:00,25.1003.06,app_store_reviews_complete.csv,en,0.7
good,5.0,Sandeep Punul,2025-10-29T00:05:34-07:00,25.1003.06,app_store_reviews_complete.csv,so,0.7
service are cold not working good slow and hanging issue many time,1.0,Yashasvicsc,2025-10-28T21:09:20-07:00,25.1003.06,app_store_reviews_complete.csv,en,0.07499999999999998
stupid app no customer support this will and should go down soon,1.0,wehdhkcf,2025-10-28T20:37:53-07:00,25.1003.06,app_store_reviews_complete.csv,en,-0.47777777777777775
"why is this app adding paid using phonepe upi spam after every single payment? like when you have to share the screenshot with someone, for example whatsapp this app adds the spam automatically each time. it's very annoying.",1.0,FaZe Aditya,2025-10-28T03:39:12-07:00,25.1003.06,app_store_reviews_complete.csv,en,-0.5357142857142857
excellent,5.0,Skhuseini,2025-10-28T02:26:24-07:00,25.1003.06,app_store_reviews_complete.csv,ca,1.0
service is god,5.0,Sweetyog,2025-10-28T01:56:27-07:00,25.1003.06,app_store_reviews_complete.csv,en,0.0
from india to world we are laps and bound ahead,5.0,Dhirukhan,2025-10-27T21:31:06-07:00,25.1003.06,app_store_reviews_complete.csv,en,0.0
bahut aacha h,5.0,Ibc aman Maurya,2025-10-27T20:41:50-07:00,25.1003.06,app_store_reviews_complete.csv,so,0.0
"not working, my version 15.8.5 , how to fix this problem",1.0,dfgecf,2025-10-27T20:33:53-07:00,25.1003.06,app_store_reviews_complete.csv,en,0.0
5star worth,5.0,Mohan rupa,2025-10-27T20:33:47-07:00,25.1003.06,app_store_reviews_complete.csv,en,0.3
phone pe not giving any cashbacks,1.0,Shekar12@0609,2025-10-27T10:56:35-07:00,25.1003.06,app_store_reviews_complete.csv,en,0.0
phone pe app is getting crashed everytime i am clicking anywhere after phone update. please support on it as i am not able to even raise ticket on app,1.0,Tanyajha_,2025-10-27T10:06:05-07:00,25.1003.06,app_store_reviews_complete.csv,en,-0.25
good transaction app,4.0,madhu polnati,2025-10-27T06:31:44-07:00,25.1003.06,app_store_reviews_complete.csv,en,0.7
outstanding,5.0,Naresh Sir,2025-10-27T05:07:53-07:00,25.1003.06,app_store_reviews_complete.csv,af,0.5
excellent,5.0,Santhan29,2025-10-26T23:57:46-07:00,25.1003.06,app_store_reviews_complete.csv,ca,1.0
"since last night phonepe is crashing whenever i load the application. tried updating as well, still it is crashing. please do something asap",1.0,JonesSelvabalan,2025-10-26T23:40:51-07:00,25.1003.06,app_store_reviews_complete.csv,en,0.0
don't buy gold from this app useless app ever for buying digital gold,1.0,Akash vaani,2025-10-26T21:37:23-07:00,25.1003.06,app_store_reviews_complete.csv,en,-0.25
good,5.0,Moharman arman,2025-10-26T21:24:53-07:00,25.1003.06,app_store_reviews_complete.csv,so,0.7
acha bhai he,5.0,I’m lulling,2025-10-26T08:20:16-07:00,25.1003.06,app_store_reviews_complete.csv,cy,0.0
aadii,5.0,Aadii Aadil,2025-10-25T23:59:20-07:00,25.1003.06,app_store_reviews_complete.csv,so,0.0
one star,1.0,Mr Jamna persad,2025-10-25T23:41:25-07:00,25.1003.06,app_store_reviews_complete.csv,it,0.0
and my favourite app,5.0,Rt@156,2025-10-25T21:11:08-07:00,25.1003.06,app_store_reviews_complete.csv,en,0.0
all rounder great service,5.0,Mr.Gpreet,2025-10-25T18:22:06-07:00,25.1003.06,app_store_reviews_complete.csv,en,0.8
quick and easy service,5.0,Shaan C Lad,2025-10-25T03:19:55-07:00,25.1003.06,app_store_reviews_complete.csv,en,0.3833333333333333
"bad notification, phonepe app",1.0,214anup,2025-10-25T02:37:58-07:00,25.1003.06,app_store_reviews_complete.csv,en,-0.6999999999999998
this app is a fraud app. never work as per the offers and terms and conditions. and most importantly pathetic customer support.,1.0,Show my Feedback,2025-10-24T22:16:09-07:00,25.1003.06,app_store_reviews_complete.csv,en,-0.13333333333333333
this app is so good,5.0,Tojinder Rathour,2025-10-24T20:54:02-07:00,25.1003.06,app_store_reviews_complete.csv,en,0.7
best payment apps,5.0,Deepaksing,2025-10-24T19:50:50-07:00,25.1003.06,app_store_reviews_complete.csv,fr,1.0
give me cash back,5.0,sunnYY SAAB,2025-10-24T10:24:08-07:00,25.1003.06,app_store_reviews_complete.csv,en,0.0
good,5.0,زبير جمال,2025-10-24T08:56:27-07:00,25.1003.06,app_store_reviews_complete.csv,so,0.7
it's famous on there tasty charts and love too eat there only not others,5.0,Bhai mera,2025-10-24T08:46:43-07:00,25.1003.06,app_store_reviews_complete.csv,en,0.3333333333333333
error occurred while open application,1.0,I lv me,2025-10-24T05:07:13-07:00,25.1003.06,app_store_reviews_complete.csv,en,0.0
automatically closing app,1.0,Sumitmndl,2025-10-24T04:14:18-07:00,25.1003.06,app_store_reviews_complete.csv,en,0.0
"i started using phonepe after reading that it has a good cashback reward scheme. the app is usually snappy. however, after making several payments (credit card bill, electricity bill), i find there is no consistency - it seems to be a lottery. after complaining, i'm now getting silent calls (they call & say nothing, or put me on hold - i waited upto 10minutes - then they post a response about being cut off) from their support team. time to move on, i think.",2.0,bhjtb,2025-10-24T01:18:07-07:00,25.1003.06,app_store_reviews_complete.csv,en,0.11249999999999999
excellent services,5.0,Junnuritik,2025-10-24T00:15:27-07:00,25.1003.06,app_store_reviews_complete.csv,fr,1.0
my phone pe app suddenly stopped working and repeated attempts to reinstall not successful.tried contacting customer care but no one to respond except prerecorded ivr.i have some funds blocked in phone pe lite don't know how to retrieve them.better not to use this app.very irresponsible attitude,1.0,Srinivas gastro,2025-10-23T19:03:07-07:00,25.1003.06,app_store_reviews_complete.csv,en,0.0
apple lover,5.0,Gurzar is great,2025-10-23T09:53:44-07:00,25.1003.06,app_store_reviews_complete.csv,fr,0.0
perfect invention nice,5.0,Smile Suri,2025-10-23T07:42:50-07:00,25.1003.06,app_store_reviews_complete.csv,en,0.8
processing time is more,1.0,Kesavkt,2025-10-23T04:53:42-07:00,25.1003.06,app_store_reviews_complete.csv,en,0.5
i hate ads,3.0,Rahil Alvi,2025-10-23T04:48:54-07:00,25.1003.06,app_store_reviews_complete.csv,da,-0.8
i'm facing a problem tegarding login from yesterday. the app interface keeps loading and not processing anything! please fix it asap.,5.0,duttasayan,2025-10-23T03:38:31-07:00,25.1003.06,app_store_reviews_complete.csv,en,0.0
after changing phone it take only minute to activate phonepe account. whether gpay takes more than two days.,5.0,Vicky@2228,2025-10-23T02:55:57-07:00,25.1003.06,app_store_reviews_complete.csv,en,0.25
ticket raised three days ago but not get any resolution yet,1.0,Yadav 12,2025-10-22T21:31:10-07:00,25.1003.00,app_store_reviews_complete.csv,en,0.0
average or good,1.0,Gjsjskknebee,2025-10-22T12:49:17-07:00,25.1003.00,app_store_reviews_complete.csv,no,0.27499999999999997
raza,5.0,Touqer raza,2025-10-22T09:25:11-07:00,25.1003.00,app_store_reviews_complete.csv,hr,0.0
new phone pe,5.0,Avesh khan 1313,2025-10-22T04:18:51-07:00,25.1003.00,app_store_reviews_complete.csv,en,0.13636363636363635
i use phone pe using my dubai phone number and nri bank account. this feature is not available in gpay yet.,5.0,DrPraveenP,2025-10-22T02:54:34-07:00,25.1003.00,app_store_reviews_complete.csv,en,-0.2
"please don't buy insurance through phonepe. i renewed my star health policy 2 weeks ago through their platform — money deducted instantly, but the policy still not renewed. every two days, their team asks for ""two more days"" to fix it. it's been two week of the same excuse. at this point, i don't even have active insurance, and their customer care seems completely clueless no matter how many times i explain the issue. i guess the only thing that works fast at phonepe is their payment gateway — everything else is a black hole.",1.0,Ente reviews,2025-10-22T00:21:42-07:00,25.1003.00,app_store_reviews_complete.csv,en,0.095
very good,5.0,A C Reddy,2025-10-21T23:39:43-07:00,25.1003.00,app_store_reviews_complete.csv,af,0.9099999999999999
shiva,5.0,Gurrala shiva,2025-10-21T22:10:02-07:00,25.1003.00,app_store_reviews_complete.csv,sq,0.0
my dad has has a eye,3.0,Malikdhxhv it s,2025-10-21T04:48:42-07:00,25.1003.00,app_store_reviews_complete.csv,so,0.0
excellent,5.0,Darshan shaiva,2025-10-21T03:24:06-07:00,25.1003.00,app_store_reviews_complete.csv,ca,1.0
5stars,5.0,Vahid aslam shaikh,2025-10-20T15:21:25-07:00,25.1003.00,app_store_reviews_complete.csv,sv,0.0
always recharge making very easy in phone pe,5.0,Aian’s apple,2025-10-20T08:40:05-07:00,25.1003.00,app_store_reviews_complete.csv,en,0.5633333333333334
secure and easy payments.. very less failures,5.0,NayeemR22,2025-10-20T06:04:16-07:00,25.1003.00,app_store_reviews_complete.csv,en,0.20555555555555557
nice,5.0,Sayan Mandal,2025-10-20T04:02:24-07:00,25.1003.00,app_store_reviews_complete.csv,pl,0.6
great app for quick payments. but no rewards for big payments which is not good.,5.0,bkpand,2025-10-20T00:26:33-07:00,25.1003.00,app_store_reviews_complete.csv,en,0.19583333333333333
phone pay and iphone making us fool . unable to use phone pay in iphone 6 . help me,1.0,hr happy,2025-10-20T00:12:54-07:00,25.0613.05,app_store_reviews_complete.csv,en,-0.5
what a good performance need more cashback,5.0,Shammmas rafeeque,2025-10-19T23:53:33-07:00,25.1003.00,app_store_reviews_complete.csv,en,0.6
good,5.0,Zikrul alam,2025-10-19T23:16:13-07:00,25.1003.00,app_store_reviews_complete.csv,so,0.7
"simple use, all payments and transactions at one place, simply awesome … love you phonepe",5.0,Satya9933,2025-10-19T22:25:51-07:00,25.1003.00,app_store_reviews_complete.csv,en,0.5
excellent for all payment purposes,5.0,Mangal11144,2025-10-19T16:53:05-07:00,25.1003.00,app_store_reviews_complete.csv,ca,1.0
it's not working in my phone my phone i phone 12 it's not downloaded in this app,1.0,marvel azu,2025-10-19T14:28:14-07:00,25.1003.00,app_store_reviews_complete.csv,en,0.0
this is worst payment application and leave this as soon as possible.,1.0,Arunvishwakarma__,2025-10-19T12:56:49-07:00,25.1003.00,app_store_reviews_complete.csv,en,-0.5
very good,5.0,TOM SHIBU,2025-10-19T07:38:33-07:00,25.1003.00,app_store_reviews_complete.csv,af,0.9099999999999999
good,4.0,Nad@223,2025-10-19T04:58:42-07:00,25.1003.00,app_store_reviews_complete.csv,so,0.7
great,5.0,Nadeem46,2025-10-19T01:20:29-07:00,25.1003.00,app_store_reviews_complete.csv,ro,0.8
good sevices,5.0,MKS@22,2025-10-19T01:08:02-07:00,25.1003.00,app_store_reviews_complete.csv,hr,0.7
perfect,5.0,Ashokkumar's,2025-10-18T23:53:40-07:00,25.1003.00,app_store_reviews_complete.csv,ca,1.0
worst upi app,1.0,Aaaaaaaaaakp,2025-10-18T23:27:33-07:00,25.1003.00,app_store_reviews_complete.csv,en,-1.0
"i was facing some issue while when i was open, app ui is freezing on opening",3.0,Chakri1314,2025-10-18T22:16:41-07:00,25.1003.00,app_store_reviews_complete.csv,en,0.0
"when comparing g pay ( at least to me) appears to be more user friendly. this may well be due to the fact i have been using g pay services for quite some time, having said so i still rate g pay lay-out's etc are superior to phonepe . #evasree#",3.0,Evasree,2025-10-18T21:23:18-07:00,25.1003.00,app_store_reviews_complete.csv,en,0.22999999999999998
rajpurohit,5.0,Kishanraj Balotra,2025-10-18T21:02:14-07:00,25.1003.00,app_store_reviews_complete.csv,sq,0.0
make a life very easy !!,5.0,shaz 😘,2025-10-18T20:32:09-07:00,25.1003.00,app_store_reviews_complete.csv,en,0.8802083333333334
we will not let you go down,5.0,Prakashk@king,2025-10-18T19:41:13-07:00,25.1003.00,app_store_reviews_complete.csv,pl,-0.15555555555555556
easy to transfer and receive money,3.0,Aryan Khan 786,2025-10-18T18:27:29-07:00,25.1003.00,app_store_reviews_complete.csv,en,0.43333333333333335
nice,5.0,Vkb bas,2025-10-18T09:14:56-07:00,25.1003.00,app_store_reviews_complete.csv,pl,0.6
good,5.0,Ujhfgghhj,2025-10-18T07:56:52-07:00,25.1003.00,app_store_reviews_complete.csv,so,0.7
maja aa raha hai simple easy and fast,5.0,Zaki @50,2025-10-18T06:12:37-07:00,25.1003.00,app_store_reviews_complete.csv,et,0.2111111111111111
super,5.0,Barad Harshad,2025-10-18T04:16:56-07:00,25.1003.00,app_store_reviews_complete.csv,ro,0.3333333333333333
this payment app is very grateful service i used this app last 4th year but my pay has even all payments successful !,5.0,Aksh510,2025-10-18T03:35:18-07:00,25.1003.00,app_store_reviews_complete.csv,en,0.37916666666666665
good luck,5.0,Bavnjibhia bariy,2025-10-18T02:12:28-07:00,25.1003.00,app_store_reviews_complete.csv,so,0.7
good,5.0,vaghela kiran,2025-10-17T22:05:21-07:00,25.1003.00,app_store_reviews_complete.csv,so,0.7
very safe and secure app. love it,5.0,Vishesh pant,2025-10-17T21:51:40-07:00,25.1003.00,app_store_reviews_complete.csv,en,0.5166666666666667
it's really easier to make payments,5.0,Sij1985,2025-10-17T08:52:52-07:00,25.1003.00,app_store_reviews_complete.csv,en,0.2
no one can accept upi credit,1.0,Sharry7777,2025-10-17T05:52:09-07:00,25.1003.00,app_store_reviews_complete.csv,it,0.0
outstanding,5.0,Bike service @,2025-10-17T04:50:36-07:00,25.1003.00,app_store_reviews_complete.csv,af,0.5
interesting,5.0,Apsra je,2025-10-17T02:59:40-07:00,25.1003.00,app_store_reviews_complete.csv,en,0.5
nice app,5.0,Hemanth11,2025-10-16T22:44:51-07:00,25.0919.07,app_store_reviews_complete.csv,it,0.6
more platform fee,2.0,CCTV hi king,2025-10-16T19:40:45-07:00,25.0919.07,app_store_reviews_complete.csv,en,0.5
super,5.0,Madiga manohar,2025-10-16T18:55:56-07:00,25.0919.07,app_store_reviews_complete.csv,ro,0.3333333333333333
good,5.0,Lalmidhun k,2025-10-16T12:36:23-07:00,25.0919.07,app_store_reviews_complete.csv,so,0.7
not experienced any kind of trouble while using the app these days. nice ui.,5.0,Reephat D,2025-10-16T10:31:10-07:00,25.0919.07,app_store_reviews_complete.csv,en,0.14999999999999997
it's great,5.0,Vanshiiiiiiiiiiiiii,2025-10-16T10:02:57-07:00,25.0919.07,app_store_reviews_complete.csv,en,0.8
indian app,5.0,@(e54,2025-10-16T09:57:31-07:00,25.0919.07,app_store_reviews_complete.csv,it,0.0
very good service,5.0,Pappu Choubey,2025-10-16T05:47:59-07:00,25.0919.07,app_store_reviews_complete.csv,en,0.9099999999999999
never ever stuck my money,5.0,ronystar13,2025-10-16T03:31:05-07:00,25.0919.07,app_store_reviews_complete.csv,no,0.0
effective product,4.0,Nikhillv95,2025-10-15T22:36:31-07:00,25.0919.07,app_store_reviews_complete.csv,en,0.6
i have stopped using this app because of so many issues,2.0,15SMS,2025-10-15T21:16:25-07:00,25.0919.07,app_store_reviews_complete.csv,en,0.5
best shopping app,5.0,As aman,2025-10-15T21:00:52-07:00,25.0919.07,app_store_reviews_complete.csv,en,1.0
good and very reliable,5.0,Fantastic and pure reliable,2025-10-15T20:31:33-07:00,25.0919.07,app_store_reviews_complete.csv,en,0.44999999999999996
good,5.0,Pankaj kumar good balu,2025-10-15T19:01:41-07:00,25.0919.07,app_store_reviews_complete.csv,so,0.7
"i love phonepe, no other upi apps can ever match the interface. best upi ever!",5.0,Xar1963,2025-10-15T14:58:45-07:00,25.0919.07,app_store_reviews_complete.csv,en,0.5208333333333334
best upi app good and easy to used interface,5.0,nanhansjjjs,2025-10-15T10:19:40-07:00,25.0919.07,app_store_reviews_complete.csv,en,0.7111111111111111
best app for payment,5.0,SAHIL MastNath,2025-10-15T08:45:46-07:00,25.0919.07,app_store_reviews_complete.csv,no,1.0
"i've been using this app for ages now it was all fine until. there was an issue. i have been trying to highlight this issue for over a month now. for the first one week the tickets were not being registered. then on 1st oct a ticket was created and is still under ""being processed"" status and it's 15th oct.",1.0,Diablo@1235,2025-10-15T01:31:13-07:00,25.0919.07,app_store_reviews_complete.csv,en,0.33333333333333337
good,5.0,Vishhahah,2025-10-14T23:30:28-07:00,25.0919.07,app_store_reviews_complete.csv,so,0.7
user friendly,5.0,Pikuukanam,2025-10-14T22:41:03-07:00,25.0919.07,app_store_reviews_complete.csv,da,0.375
i switched device and login on other device and it ask for verification and send 4 text msgs all msgs were sent but then it says technical error what a stupidity,1.0,Anonymousmshb,2025-10-14T22:06:26-07:00,25.0919.07,app_store_reviews_complete.csv,en,-0.24166666666666667
i don't understand the concept of sending only 5000 at a time it's really annoying please make my account working like before,1.0,Hnnzla,2025-10-14T21:57:02-07:00,25.0919.07,app_store_reviews_complete.csv,en,-0.4
very good i like and prefer others to use,5.0,Omshreee,2025-10-14T09:24:01-07:00,25.0919.07,app_store_reviews_complete.csv,en,0.9099999999999999
good,5.0,Pradeep chinni,2025-10-14T08:09:20-07:00,25.0919.07,app_store_reviews_complete.csv,so,0.7
good,5.0,Manita manger,2025-10-14T05:03:18-07:00,25.0919.07,app_store_reviews_complete.csv,so,0.7
switched to it from google pay really loving the speed and glitchless payments unlike gpay where automatic payment requests took even 24 hours to show even after updating app but here withins seconds,5.0,Hemloooooooo,2025-10-14T03:00:25-07:00,25.0919.07,app_store_reviews_complete.csv,en,0.6
amazing,5.0,Manju m g,2025-10-13T11:17:49-07:00,25.0919.06,app_store_reviews_complete.csv,sw,0.6000000000000001
very nice,5.0,Nity Kishori,2025-10-13T10:13:26-07:00,25.0919.06,app_store_reviews_complete.csv,cs,0.78
ghatiya,1.0,Dc mehra,2025-10-13T08:45:10-07:00,25.0919.06,app_store_reviews_complete.csv,tl,0.0
earlier i use other upi apps like paytm but when i switch to this i never feel down by this app its gui interface and easy to use and understandable icons are good,5.0,Aryan chahar,2025-10-13T07:13:52-07:00,25.0919.06,app_store_reviews_complete.csv,en,0.17055555555555554
very good,4.0,pqkdkjdhdujxjdjsoaia,2025-10-13T02:21:15-07:00,25.0919.06,app_store_reviews_complete.csv,af,0.9099999999999999
good,5.0,GP1750,2025-10-12T23:23:15-07:00,25.0919.06,app_store_reviews_complete.csv,so,0.7
good,5.0,gssony,2025-10-12T22:40:21-07:00,25.0919.06,app_store_reviews_complete.csv,so,0.7
"pls help to correct the fault, want to scan through back camera only, not finding any way to register complain",1.0,Awwshish,2025-10-12T21:35:59-07:00,25.0919.06,app_store_reviews_complete.csv,en,0.0
excellent,5.0,Naveen nannu,2025-10-12T19:53:33-07:00,25.0919.06,app_store_reviews_complete.csv,ca,1.0
5 star friend,5.0,Sona Dhaliwal,2025-10-12T16:12:51-07:00,25.0919.06,app_store_reviews_complete.csv,sv,0.0
phonepe,5.0,Rokhda💲,2025-10-12T12:56:35-07:00,25.0919.06,app_store_reviews_complete.csv,en,0.0
"is it common with everyone who is using older version of ios (15 or earlier) has to reinstall the app each time you make a payment. for me, once reinstalled the app works fine for multiple payments in one go, but once i close the app, the only way to make it work is to reinstall it. requesting phone pe team to visit this issue.",3.0,Vips201983,2025-10-12T07:28:26-07:00,25.0919.06,app_store_reviews_complete.csv,en,0.04722222222222222
i enjoyed to pay money in paytm its easy to pay the upi,5.0,Sweetyrizu186,2025-10-12T02:07:25-07:00,25.0919.06,app_store_reviews_complete.csv,en,0.4666666666666667
9999,5.0,Samadhan bodkhe,2025-10-11T22:13:12-07:00,25.0919.06,app_store_reviews_complete.csv,unknown,0.0
very good idea,5.0,avtar brar pola,2025-10-11T21:54:58-07:00,25.0919.06,app_store_reviews_complete.csv,af,0.9099999999999999
tmkc,1.0,harshit7711,2025-10-11T09:30:33-07:00,25.0919.06,app_store_reviews_complete.csv,sl,0.0
bad costumer service,1.0,Jahew,2025-10-11T05:39:53-07:00,25.0919.06,app_store_reviews_complete.csv,es,-0.6999999999999998
good service,5.0,Ketan chhatrola,2025-10-11T01:40:20-07:00,25.0919.06,app_store_reviews_complete.csv,hr,0.7
flawless upi system,5.0,Krishan Kr,2025-10-10T21:11:54-07:00,25.0919.06,app_store_reviews_complete.csv,sv,1.0
recharge,5.0,Tata recharge,2025-10-10T18:40:46-07:00,25.0919.06,app_store_reviews_complete.csv,en,0.0
"there is a white screen coming when i try to open phonepe app, please fix this issue",3.0,maddystarpro,2025-10-10T12:02:02-07:00,25.0613.05,app_store_reviews_complete.csv,en,0.0
worrst app ever used in my life uninstalled right now,1.0,vishesh1213,2025-10-10T10:14:03-07:00,25.0919.06,app_store_reviews_complete.csv,en,0.2857142857142857
waste adds,5.0,sgsankar,2025-10-10T08:35:22-07:00,25.0919.06,app_store_reviews_complete.csv,af,-0.2
not useful for low network areas and transaction faliure problems are more,1.0,Prasanna chowdary,2025-10-10T07:37:22-07:00,25.0919.06,app_store_reviews_complete.csv,en,0.11666666666666665
better,5.0,Bheemanath,2025-10-10T07:37:19-07:00,25.0919.06,app_store_reviews_complete.csv,no,0.5
nice and safe aap.,5.0,bhupinderminhas,2025-10-10T07:14:12-07:00,25.0919.06,app_store_reviews_complete.csv,en,0.55
perfect,5.0,𝕤𝕒𝕘𝕒𝕣,2025-10-10T05:53:24-07:00,25.0919.06,app_store_reviews_complete.csv,ca,1.0
please help to log in phone pay. i m trying so many time but not open,1.0,*PARV*,2025-10-10T02:27:46-07:00,25.0919.06,app_store_reviews_complete.csv,en,0.25
very useful,5.0,D Sankar,2025-10-10T00:33:48-07:00,25.0919.06,app_store_reviews_complete.csv,en,0.39
great app lots of cosmetic items,5.0,Ashifn,2025-10-09T23:13:12-07:00,25.0919.06,app_store_reviews_complete.csv,en,0.8
"i made a payment, but it showed as ""processing"" and the amount was deducted. so, i made the payment again using another account. after two to three days, the earlier ""processing"" transaction was also marked as successful. i'm not sure what to do now, as there's no proper help option available for this issue.",1.0,Failedtransaction,2025-10-09T09:03:21-07:00,25.0919.06,app_store_reviews_complete.csv,en,0.16666666666666666
awesome,5.0,Mustafa patve,2025-10-09T08:55:38-07:00,25.0919.06,app_store_reviews_complete.csv,af,1.0
great app,5.0,Montypks,2025-10-09T07:58:22-07:00,25.0919.06,app_store_reviews_complete.csv,en,0.8
after using all came to this only,5.0,Balram308,2025-10-09T06:05:24-07:00,25.0919.06,app_store_reviews_complete.csv,en,0.0
mahabad,5.0,મારુતિ ડીજે,2025-10-09T05:26:02-07:00,25.0919.06,app_store_reviews_complete.csv,so,0.0
good saving,5.0,Prabh dang,2025-10-09T04:40:03-07:00,25.0919.06,app_store_reviews_complete.csv,hr,0.7
love it,5.0,TUSH7272,2025-10-09T03:20:09-07:00,25.0919.06,app_store_reviews_complete.csv,sl,0.5
great,5.0,Abhu panda,2025-10-09T01:43:17-07:00,25.0919.06,app_store_reviews_complete.csv,ro,0.8
excellent system!,5.0,Arjan M’Ratta!,2025-10-09T00:40:35-07:00,25.0919.06,app_store_reviews_complete.csv,fr,1.0
"please let us add caption in each payment. when we are tracking the monthly expenses we see random merchant names or just amazon, flipkart etc. it's a headache to track our expenditure. please give a caption option for each payment that also appears in the history.",3.0,MeticulouslyYours,2025-10-08T23:43:12-07:00,25.0919.06,app_store_reviews_complete.csv,en,-0.5
there are good number of store using pgonepe and one f the flexible payment options.,5.0,Go-pee,2025-10-08T21:35:03-07:00,25.0919.06,app_store_reviews_complete.csv,en,0.7
super,5.0,Akhta..3002,2025-10-08T17:39:34-07:00,25.0919.06,app_store_reviews_complete.csv,ro,0.3333333333333333
new update is excellent,5.0,Iambornfire,2025-10-08T17:14:51-07:00,25.0919.06,app_store_reviews_complete.csv,en,0.5681818181818181
good,5.0,Akki#,2025-10-08T04:38:17-07:00,25.0919.06,app_store_reviews_complete.csv,so,0.7
phone pay is not proper work when i opened my phone pay than show white screen,1.0,GURUX__0001,2025-10-08T04:09:47-07:00,25.0613.05,app_store_reviews_complete.csv,en,0.0
must,5.0,bechan ji,2025-10-08T01:01:03-07:00,25.0919.06,app_store_reviews_complete.csv,et,0.0
i had ordered to deliver my gold in physical but order is showing in progress from 5 days of placing order. no direct contact number to reach out. poor support.,1.0,Utkarsh111,2025-10-08T00:04:01-07:00,25.0919.06,app_store_reviews_complete.csv,en,-0.15
very convenient and reliable apps for new users as well as experience,5.0,Dhanpat agrawal,2025-10-07T21:51:23-07:00,25.0919.06,app_store_reviews_complete.csv,en,0.16818181818181818
best upi app forever,5.0,Kailash 007,2025-10-07T19:15:12-07:00,25.0905.05,app_store_reviews_complete.csv,no,1.0
very bad experience with phonepe. our account was deleted without any prior notice or information. this sudden action has completely stopped our transactions and caused serious inconvenience to our business. extremely disappointed with the lack of communication and accountability. urgent action is needed to resolve this issue.,1.0,Prince P J Singh,2025-10-07T08:42:13-07:00,25.0905.05,app_store_reviews_complete.csv,en,-0.21166666666666664
too fast,5.0,Malik S K,2025-10-07T08:14:43-07:00,25.0905.05,app_store_reviews_complete.csv,en,0.2
for any enquiry or escalation only ive available,1.0,Ranjeet Kumar Sharma,2025-10-07T00:35:17-07:00,25.0905.05,app_store_reviews_complete.csv,en,0.2
not able to transfer more than 5 k,1.0,MSridevixyz,2025-10-06T23:01:23-07:00,25.0905.05,app_store_reviews_complete.csv,en,0.125
good,5.0,fayazshaik,2025-10-06T22:43:14-07:00,25.0905.05,app_store_reviews_complete.csv,so,0.7
very easy to use,5.0,Appie_82,2025-10-06T07:43:01-07:00,25.0905.05,app_store_reviews_complete.csv,en,0.5633333333333334
nice payments,5.0,Avinashpandu,2025-10-06T07:34:12-07:00,25.0905.05,app_store_reviews_complete.csv,fr,0.6
phone pay used my privacy without my permission and paid 1019 rupees to google pay,1.0,Kb Ansari,2025-10-06T04:26:24-07:00,25.0905.05,app_store_reviews_complete.csv,en,0.0
app not working properly on iphone 7 plus,1.0,Veeraswamy gouda141,2025-10-06T04:23:57-07:00,25.0613.05,app_store_reviews_complete.csv,en,0.0
very slow and poor functioning app,1.0,Shank2198,2025-10-05T23:55:38-07:00,25.0905.05,app_store_reviews_complete.csv,en,-0.395
1177,5.0,gcigit,2025-10-05T23:10:55-07:00,25.0905.05,app_store_reviews_complete.csv,unknown,0.0
good forfarance,5.0,Swamy pbn,2025-10-05T22:08:58-07:00,25.0905.05,app_store_reviews_complete.csv,cy,0.7
ezi h good like this app,5.0,Alisha mokhtar,2025-10-05T21:05:02-07:00,25.0905.05,app_store_reviews_complete.csv,nl,0.7
secure payment all types,5.0,Prakashsingh Chouhan,2025-10-05T20:09:06-07:00,25.0905.05,app_store_reviews_complete.csv,en,0.4
very fast operating these days keep it up,5.0,paras somaiya,2025-10-05T19:48:20-07:00,25.0905.05,app_store_reviews_complete.csv,en,0.26
best,5.0,Pankaj Kumar Mehta,2025-10-05T19:07:00-07:00,25.0905.05,app_store_reviews_complete.csv,af,1.0
by far the most easiest & comfortable user experience upi app,5.0,Patsav Academy,2025-10-05T11:16:23-07:00,25.0905.05,app_store_reviews_complete.csv,en,0.3333333333333333
great app,4.0,Dinesh fc,2025-10-05T10:05:57-07:00,25.0905.05,app_store_reviews_complete.csv,en,0.8
worst,1.0,Dangi619,2025-10-05T07:38:27-07:00,25.0905.05,app_store_reviews_complete.csv,af,-1.0
it's simply awesome,5.0,tammup,2025-10-05T06:47:16-07:00,25.0905.05,app_store_reviews_complete.csv,en,1.0
very useful app for smooth transition,5.0,Gaurav-9764,2025-10-05T01:22:19-07:00,25.0905.05,app_store_reviews_complete.csv,en,0.395
such a pathetic application. i had a worst experience with phonepe. i used to be a regular phonepe user and then i changed my phone and purchased a new phone and since then i am not able to use phone pe at all. it's giving me error and not even letting me add my bank accounts. i contacted their support and they are such useless people!!!! no resolution no response and they closed my ticket. so yes google pay is much better option and i am switching to that permanently,1.0,riyalaha,2025-10-05T00:45:12-07:00,25.0905.05,app_store_reviews_complete.csv,en,-0.27136363636363636
"there're issues with gold autopay in my ios device. i am not able to see full history of autopay transactions. i could only see few of them. also on autopay history page, the transaction date time doesn't match with the ones that is on invoice. please fix this asap. as it's very much difficult to know when i did the actual transaction ‍‍",3.0,pybeast,2025-10-04T22:18:14-07:00,25.0905.05,app_store_reviews_complete.csv,en,-0.10000000000000002
your stupidity to set app as default uninstalling app never install again,1.0,Sachin sac sac,2025-10-04T11:26:35-07:00,25.0905.05,app_store_reviews_complete.csv,en,-0.6
please don't load wallet here. they will never give you the option for payment through wallet. also u can't load upi lite through wallet. beggars,2.0,Shailru,2025-10-04T09:12:27-07:00,25.0905.05,app_store_reviews_complete.csv,en,0.0
very good,5.0,Ankushrao,2025-10-04T07:35:37-07:00,25.0905.05,app_store_reviews_complete.csv,af,0.9099999999999999
"dear developers, the phonepe app always works smother and better but the important feature missing is there should be option to clear chat or delete chat. at least clearing messages or deleting messages should be added in the future. if transactions are not able to delete that's fine but chat messages should be given option to clear those.",3.0,RahulRGowda,2025-10-04T06:57:00-07:00,25.0905.05,app_store_reviews_complete.csv,en,0.08518518518518518
good,5.0,Sahil1171,2025-10-04T06:37:10-07:00,25.0905.05,app_store_reviews_complete.csv,so,0.7
working well,5.0,Prusty Kailash,2025-10-04T04:24:21-07:00,25.0905.05,app_store_reviews_complete.csv,af,0.0
very very fast,5.0,ankit.timbadia,2025-10-04T01:07:24-07:00,25.0905.05,app_store_reviews_complete.csv,en,0.26
after scanning any qr and selecting bank account to proceed the page stucks at loading section same issue with upi request,1.0,rahulzuse,2025-10-04T00:29:05-07:00,25.0905.05,app_store_reviews_complete.csv,en,0.0
remove adds,5.0,dr.rahul0987,2025-10-03T20:33:55-07:00,25.0905.05,app_store_reviews_complete.csv,sl,0.0
it's been more than 70 hours but still i can't make payments in my new iphone and not able to connect to customer care,1.0,Reddy-666,2025-10-03T12:45:11-07:00,25.0905.05,app_store_reviews_complete.csv,en,0.12878787878787878
this is a beautifully designed app,5.0,Tonhi11,2025-10-03T09:36:32-07:00,25.0905.05,app_store_reviews_complete.csv,en,0.85
"my account keeps getting logged out and does not login now. worst payment app. says kyc pending, what kyc man? i am using other payment apps, and also i have done this once now happened again twice in a week. now when i click contact support, error 404 not found. deleting this app for ever.",1.0,Satwik sinha,2025-10-03T00:52:32-07:00,25.0905.05,app_store_reviews_complete.csv,en,-0.5625
very good,5.0,dpshori,2025-10-02T21:37:05-07:00,25.0905.05,app_store_reviews_complete.csv,af,0.9099999999999999
good,5.0,Pedestal ku,2025-10-02T21:13:23-07:00,25.0905.05,app_store_reviews_complete.csv,so,0.7
very good,5.0,LokeshRaghav,2025-10-02T21:09:45-07:00,25.0905.05,app_store_reviews_complete.csv,af,0.9099999999999999
"no glitches, no errors, no worries",5.0,Chetan_Bandge,2025-10-02T20:51:39-07:00,25.0905.05,app_store_reviews_complete.csv,en,0.0
hassle free transfer,5.0,Varma Rajesh,2025-10-02T11:57:14-07:00,25.0905.05,app_store_reviews_complete.csv,no,0.4
"i want to highlight the bug, i have added qr scanner widget on my ios device's lockscreen. it doesn't open the camera ui, instead it get stuck at white background . pls rectify thisissue",1.0,NoSupport001,2025-10-02T11:09:42-07:00,25.0905.05,app_store_reviews_complete.csv,en,0.0
very slow,5.0,drshivchoudhary,2025-10-02T08:51:09-07:00,25.0905.05,app_store_reviews_complete.csv,cs,-0.39000000000000007
super app,5.0,RatnaPaul,2025-10-02T08:02:19-07:00,25.0905.05,app_store_reviews_complete.csv,fr,0.3333333333333333
phone pe very good,5.0,Lakshya Sahu,2025-10-02T07:26:44-07:00,25.0905.05,app_store_reviews_complete.csv,en,0.9099999999999999
fooling customers by using dark patterns to generate revenue,1.0,Damnmakethisoptional,2025-10-02T07:26:00-07:00,25.0905.05,app_store_reviews_complete.csv,en,-0.15
liked it for upi transactions,5.0,Mayur_marq,2025-10-02T06:43:29-07:00,25.0905.05,app_store_reviews_complete.csv,en,0.6
after a phone reset my phonepe is not working and i am not able to pause / delete my autopay. because of this i am losing money every week. their customer care is hopeless. they have no clue change resolution date one after another that's what they do.,1.0,Chith k,2025-10-02T01:23:44-07:00,25.0905.05,app_store_reviews_complete.csv,en,-0.25
"not able to see the option to turn off notifications related to promotions, i don't see any option to stop notifications what the hell is wrong with this app ?",1.0,Wisestfly1192,2025-10-02T00:41:59-07:00,25.0905.05,app_store_reviews_complete.csv,en,-0.25
after i have scan a qr code information not fast loading,3.0,QR code scan problem,2025-10-01T08:20:56-07:00,25.0905.05,app_store_reviews_complete.csv,en,-0.1
awesome and good service,5.0,Adv Tanmay,2025-10-01T07:49:06-07:00,25.0905.05,app_store_reviews_complete.csv,en,0.85
gold savings and balance check window is not loading at all started facing these issue since oct 1st 2026,3.0,Ashu Sonone,2025-10-01T05:12:26-07:00,25.0905.05,app_store_reviews_complete.csv,en,0.0
goood,5.0,Shabu fatha,2025-10-01T00:27:21-07:00,25.0905.05,app_store_reviews_complete.csv,so,0.0
world best app good working,5.0,JAGDISHSINH VAGHELA,2025-09-30T22:22:33-07:00,25.0905.05,app_store_reviews_complete.csv,af,0.85
u r taking too much charges,1.0,srk0425,2025-09-30T22:15:02-07:00,25.0905.05,app_store_reviews_complete.csv,en,0.2
very safe and secure app,5.0,Phone Pay App,2025-09-30T19:19:18-07:00,25.0905.05,app_store_reviews_complete.csv,en,0.525
"pohnpei is the largest online payment app in india, but it has lots up accessibility issues such as unlevel buttons and label graphics. bottom of the menus are not labeled so kindly make it accessible for voiceover users.",1.0,Tikaram mahto,2025-09-30T18:35:35-07:00,25.0905.05,app_store_reviews_complete.csv,en,0.325
best app for upi,5.0,Usman choksi,2025-09-30T11:14:38-07:00,25.0905.05,app_store_reviews_complete.csv,no,1.0
"""the phonepe app is excellent, but it would be even better if a voice alert feature for receiving money was available for regular users, similar to what merchants have. this would enhance convenience and ensure users don't miss any transactions.""",5.0,Shanteshwar,2025-09-30T10:55:44-07:00,25.0905.05,app_store_reviews_complete.csv,en,0.38
when i check my balance it always showing 10k additional balance !,3.0,Ranjith ppm,2025-09-30T09:33:48-07:00,25.0905.05,app_store_reviews_complete.csv,en,0.0
good service,5.0,kiran j patel,2025-09-30T05:33:47-07:00,25.0905.05,app_store_reviews_complete.csv,hr,0.7
good fast accurate easy to send and receive money,5.0,Nothing less,2025-09-30T04:46:26-07:00,25.0905.05,app_store_reviews_complete.csv,en,0.43333333333333335
from last month i'm not able to make any type of upi payment it's saying that on the time of verification of device it displays update your device to ios 17. from last 2.5 years i'm using phonepe but at that time there were no issue but now i'm not able to use the upi payment can you help me out with it.,2.0,Karthik .M.K,2025-09-30T03:45:26-07:00,25.0905.05,app_store_reviews_complete.csv,en,-0.125
good work,5.0,Zhatur pakshi,2025-09-30T03:33:58-07:00,25.0905.05,app_store_reviews_complete.csv,af,0.7
not connecting,3.0,sandesh adhav,2025-09-30T02:44:11-07:00,25.0905.05,app_store_reviews_complete.csv,fr,0.0
good,5.0,Divyesh y,2025-09-30T02:12:13-07:00,25.0905.05,app_store_reviews_complete.csv,so,0.7
unable to receive otp,2.0,चमेली,2025-09-30T01:11:47-07:00,25.0905.05,app_store_reviews_complete.csv,es,-0.5
working very nice,5.0,Advocate tyagi ji,2025-09-30T00:40:48-07:00,25.0905.05,app_store_reviews_complete.csv,af,0.78
good,5.0,uma chintala,2025-09-29T20:43:38-07:00,25.0905.05,app_store_reviews_complete.csv,so,0.7
very,5.0,V3_store_,2025-09-29T18:34:25-07:00,25.0905.05,app_store_reviews_complete.csv,af,0.2
amazing,5.0,Abhi0492,2025-09-29T18:32:20-07:00,25.0905.05,app_store_reviews_complete.csv,sw,0.6000000000000001
from august i can't reset my account pin . otp sent to my number but when i put otp in the application show incorrect. i write complaint in bank but not resolved this . facing to much issue pls help,1.0,Sarpanchsiya,2025-09-29T11:20:45-07:00,25.0905.05,app_store_reviews_complete.csv,en,-0.04999999999999999
please add rent payment,5.0,saisweety,2025-09-29T10:17:09-07:00,25.0905.05,app_store_reviews_complete.csv,en,0.0
worst experience. autopay's are unable to delete.,1.0,Jetesh Moudgil,2025-09-29T09:36:57-07:00,25.0905.05,app_store_reviews_complete.csv,en,-0.75
dont add text or links while sharing payment receipts,1.0,awesomeasad07,2025-09-29T08:58:59-07:00,25.0905.05,app_store_reviews_complete.csv,en,0.0
there is no any benefit from phone pay i use to do minimum 10 to 12 transaction from pp app,1.0,Vasudendra,2025-09-29T08:37:37-07:00,25.0905.05,app_store_reviews_complete.csv,en,0.0
self transfer is taking more time to credit it's debit on time and to credit to another account it's taking more time so so if you need to do urgent transfer then i should not suggest.,1.0,Mihir Oza,2025-09-29T05:50:40-07:00,25.0905.05,app_store_reviews_complete.csv,en,0.5
fully developed app,5.0,Sudha1967,2025-09-29T02:57:13-07:00,25.0905.05,app_store_reviews_complete.csv,en,0.1
awesome,5.0,rajesh cherry,2025-09-28T12:43:33-07:00,25.0905.05,app_store_reviews_complete.csv,af,1.0
it's very bad to give permission for auto pay it's our choise,1.0,haroon19k,2025-09-28T11:39:09-07:00,25.0905.05,app_store_reviews_complete.csv,en,-0.9099999999999998
after update phonepe is still slow in update the transfers,2.0,Bharath 88,2025-09-28T09:19:33-07:00,25.0905.05,app_store_reviews_complete.csv,en,-0.30000000000000004
"after 23 days with 5 resolution date extension, phonepe is denying eligible offer benefits. this is even sharing offer screenshots received via push notifications and inapp communication. highly uneithical malpractices.",1.0,Dpb700,2025-09-28T03:16:04-07:00,25.0905.05,app_store_reviews_complete.csv,en,0.16
exallent,5.0,Babu@@,2025-09-28T00:54:12-07:00,25.0905.05,app_store_reviews_complete.csv,ca,0.0
we lost so much cause of no proper msg and calls from receivers bank cause once we send the money but it showing transaction pending for us as receivers received the money but they say it will reflect to your bank again we will paying cause off the bank issues the receivers bank is getting double payments like this we lost so much money,5.0,Aandal✌️,2025-09-28T00:35:10-07:00,25.0905.05,app_store_reviews_complete.csv,en,0.1
please make suitable adjustments so that app can be supported on ios earlier than 16,1.0,abhisura,2025-09-27T03:34:31-07:00,25.0613.05,app_store_reviews_complete.csv,en,0.275
good worker,5.0,Nabu Thakur,2025-09-27T03:18:36-07:00,25.0905.05,app_store_reviews_complete.csv,af,0.7
"too much advertisements and unwanted notifications. i have to black all notifications, because of this.",2.0,Suma Bennur,2025-09-27T00:12:15-07:00,25.0905.05,app_store_reviews_complete.csv,en,0.016666666666666677
india leading the world through phonepay. lightning fast transactions in a simple way . power of upi,5.0,kotipalli sudhirkumar,2025-09-26T08:30:43-07:00,25.0905.05,app_store_reviews_complete.csv,en,0.1
excellent,5.0,Kanchan Sriram,2025-09-26T07:37:54-07:00,25.0905.05,app_store_reviews_complete.csv,ca,1.0
"phonepe applies very high charges for mobile recharges, especially when using a credit card.",1.0,Akhilesh VV,2025-09-26T06:42:15-07:00,25.0905.05,app_store_reviews_complete.csv,en,0.10400000000000001
"not happy with the current payment method, earlier payment method was good. i was able to use cards or rupay upi",1.0,Shantharaju D,2025-09-26T04:18:23-07:00,25.0905.05,app_store_reviews_complete.csv,en,0.15999999999999998
how can you not support a csv statement download? such an inconvenience for users. only pdf statements are available.,1.0,Prajwal Suhas P,2025-09-26T00:09:05-07:00,25.0905.05,app_store_reviews_complete.csv,en,0.13333333333333333
"good app for transaction, i using since 2018 .",5.0,Bhusshann,2025-09-25T23:15:31-07:00,25.0905.05,app_store_reviews_complete.csv,en,0.7
good,5.0,Sunil sethy,2025-09-25T23:08:31-07:00,25.0905.05,app_store_reviews_complete.csv,so,0.7
i have enter the correct password but upi pin in incorrected what i am do and whom i contact them,1.0,Eat-healthy,2025-09-25T21:00:09-07:00,25.0905.05,app_store_reviews_complete.csv,en,0.0
mere paise kat gaye auto pay ho gaye ab paise kon meri mehnat ki kamai thi phone pay ka jo bi malik ha mere 500 rupay de dena bs,1.0,Raghuwan,2025-09-25T11:32:25-07:00,25.0905.05,app_store_reviews_complete.csv,id,-0.5
rent payment remove,1.0,sabir 007,2025-09-25T09:45:41-07:00,25.0905.05,app_store_reviews_complete.csv,fr,0.0
i always use this app,5.0,Shergill8822,2025-09-25T09:35:15-07:00,25.0905.05,app_store_reviews_complete.csv,en,0.0
very good,5.0,Richungactg,2025-09-25T08:43:55-07:00,25.0905.05,app_store_reviews_complete.csv,af,0.9099999999999999
i have face problem with phonepe scan. open scan camera and camera automatically scan front side my face . whats the problem yaar. should be scan rear camera scanner. bug fixes and solve my problem. thanks,5.0,Ramesh Suthar Chaba,2025-09-25T08:39:54-07:00,25.0905.05,app_store_reviews_complete.csv,en,0.1
5 rupes extra on a transaction,1.0,Deepaklmd,2025-09-25T07:20:52-07:00,25.0905.05,app_store_reviews_complete.csv,fr,0.0
not supporting,1.0,10220202,2025-09-25T04:59:48-07:00,25.0905.00,app_store_reviews_complete.csv,it,-0.125
"i am not receiving any notifications when i receive payments on phonepe. this is a very frustrating thing, and if it's not fixed soon, i may have to switch to another app.",2.0,virusknock,2025-09-25T02:48:10-07:00,25.0905.00,app_store_reviews_complete.csv,en,-0.28500000000000003
good service i really like it thank you,5.0,Ready bby,2025-09-25T00:39:29-07:00,25.0905.00,app_store_reviews_complete.csv,en,0.44999999999999996
for opening application taking too long time and money send not showing in history,1.0,Uyfurfh,2025-09-24T23:17:31-07:00,25.0905.00,app_store_reviews_complete.csv,en,-0.05
very good app,5.0,Mana bank,2025-09-24T23:13:24-07:00,25.0905.00,app_store_reviews_complete.csv,en,0.9099999999999999
awesome speedy transactions,5.0,Vineethvincentk,2025-09-24T18:15:00-07:00,25.0905.00,app_store_reviews_complete.csv,en,1.0
super,5.0,Hungry star,2025-09-24T07:44:46-07:00,25.0905.00,app_store_reviews_complete.csv,ro,0.3333333333333333
bhai,1.0,Vikku Perwal,2025-09-24T07:32:41-07:00,25.0905.00,app_store_reviews_complete.csv,cy,0.0
best online application in world wide,5.0,Kashif khan 1,2025-09-23T21:22:11-07:00,25.0905.00,app_store_reviews_complete.csv,en,0.45
"phonepe app is updated and when it is installed, the app opens only for first time. once the app is closed it doesn't even respond and get open.",1.0,B#UV@N,2025-09-23T09:00:50-07:00,25.0613.05,app_store_reviews_complete.csv,en,0.0375
"i've been using three payment platforms, i've experienced payment processing issues due to low internet speeds in the other payment platforms. but phonepe always seems to work even in those situations too. this platform had helped me pay at important times. definitely recommend.",5.0,Ivkarthickraj,2025-09-23T06:46:44-07:00,25.0905.00,app_store_reviews_complete.csv,en,0.15833333333333335
phone pe app most payment fail or processing problem create,1.0,Mahjabbsjdk,2025-09-23T06:19:46-07:00,25.0905.00,app_store_reviews_complete.csv,en,0.0
here i'm unable to do any upi transaction on this app. i've been using this app for longer time and this is not what i was expecting from the app. raised a ticket for this but no response from tech team. seems like it's time for me to move to different upi apps.,1.0,M_Prasad,2025-09-23T01:52:19-07:00,25.0905.00,app_store_reviews_complete.csv,en,-0.25
problem solution very good good service,5.0,j sain,2025-09-22T23:53:38-07:00,25.0905.00,app_store_reviews_complete.csv,en,0.8049999999999999
good,4.0,priya sampla,2025-09-22T23:40:34-07:00,25.0905.00,app_store_reviews_complete.csv,so,0.7
good,5.0,Phanindra Phanindra,2025-09-22T23:28:49-07:00,25.0905.00,app_store_reviews_complete.csv,so,0.7
thank you phone pe and team,5.0,Khan Sahab 07,2025-09-22T22:30:36-07:00,25.0905.00,app_store_reviews_complete.csv,en,0.0
good,5.0,alipookodan,2025-09-22T22:29:45-07:00,25.0905.00,app_store_reviews_complete.csv,so,0.7
great,5.0,Great review rocks,2025-09-22T13:11:50-07:00,25.0905.00,app_store_reviews_complete.csv,ro,0.8
check balance option doesn't works sometime in ios,1.0,Harsh-18,2025-09-22T04:20:41-07:00,25.0905.00,app_store_reviews_complete.csv,en,0.0
"this app frequently fails to scan while other apps are smoothly able to scan, payment progress is tremendously slow when signal is moderate while other apps are quite the opposite even with weak signal strength",1.0,UrbanGypsy94,2025-09-22T01:34:41-07:00,25.0905.00,app_store_reviews_complete.csv,en,-0.115625
phone is the best app in india. it helped me out in the situation where i was stuck with google pay. really best app. loving it.,5.0,Dakshjaglan,2025-09-22T01:34:39-07:00,25.0905.00,app_store_reviews_complete.csv,en,0.8666666666666667
mast app,5.0,Tasleem91,2025-09-22T00:32:46-07:00,25.0905.00,app_store_reviews_complete.csv,et,0.0
good,5.0,Its dhamo,2025-09-21T22:44:17-07:00,25.0905.00,app_store_reviews_complete.csv,so,0.7
give choice to make payments autopay or not,1.0,Worse 123,2025-09-21T21:33:43-07:00,25.0905.00,app_store_reviews_complete.csv,en,0.0
good,5.0,Sampath Billi,2025-09-21T06:54:00-07:00,25.0905.00,app_store_reviews_complete.csv,so,0.7
cool,5.0,its_ipreet_twest,2025-09-21T06:01:55-07:00,25.0905.00,app_store_reviews_complete.csv,it,0.35
"used to fulfill needs without issues nowadays lot of unnecessary popups, advertisements and other useless things pop up. a payment app shouldn't become an app for borrowing. stop nonsense before one of the earliest customers is lost.",3.0,namindian,2025-09-21T05:01:27-07:00,25.0905.00,app_store_reviews_complete.csv,en,-0.3416666666666666
"dear phonepe support team, i am facing a serious issue with your app. the contact names are not displaying properly, and because of that, i ended up sending money to the wrong person who wasn't even in my contact list. i reached out to your support, but they said they can't help and that i need to contact the bank directly. this is very inconvenient, especially since other upi apps like google pay, amazon pay, and navi pay are working fine. please address this contact display problem urgently, as it's causing financial mishaps. if required, you can contact me directly at my number: 9066 344 372.",1.0,Raj Giri1,2025-09-21T00:52:44-07:00,25.0905.00,app_store_reviews_complete.csv,en,-0.11216666666666664
took more than 1 month to resolve query and still not resolved and deduct extra amount instead of fixed emi,1.0,ashishbansal.97,2025-09-21T00:38:24-07:00,25.0905.00,app_store_reviews_complete.csv,en,0.19999999999999998
even on reinstall not able to open,3.0,vvs1188,2025-09-20T22:01:44-07:00,25.0613.00,app_store_reviews_complete.csv,en,-0.125
waste,2.0,A nani Redyy,2025-09-20T21:12:39-07:00,25.0905.00,app_store_reviews_complete.csv,af,-0.2
this app is friendly n fast,5.0,Haresh S K,2025-09-20T20:02:36-07:00,25.0905.00,app_store_reviews_complete.csv,en,0.2875
easy transfer and secure,5.0,Niraj Kumar yadav,2025-09-20T19:37:15-07:00,25.0905.00,app_store_reviews_complete.csv,en,0.4166666666666667
phonepe app is not opening still showing please wait only for past two days what is the solution,1.0,Chinna0225,2025-09-20T11:39:50-07:00,25.0905.00,app_store_reviews_complete.csv,en,-0.125
it's simply amazing,5.0,ritikasuneja,2025-09-20T05:58:16-07:00,25.0905.00,app_store_reviews_complete.csv,en,0.6000000000000001
lightning stars,5.0,Shajahan pothencode,2025-09-20T05:45:27-07:00,25.0905.00,app_store_reviews_complete.csv,sv,0.0
payment untied,1.0,Sanwla ram,2025-09-20T05:37:35-07:00,25.0905.00,app_store_reviews_complete.csv,fr,0.0
new design is really worst.,1.0,Pranav Goswami,2025-09-20T04:26:28-07:00,25.0905.00,app_store_reviews_complete.csv,en,-0.4318181818181818
ashu,5.0,Payment by ashu,2025-09-20T03:14:16-07:00,25.0905.00,app_store_reviews_complete.csv,sq,0.0
"whosever idea it was to update the ui/ux, the change is pathetic. even after almost a year of the update, i'm still confused how to add another bank account, how to transfer money, how to pay my bills and the list continues. and if i'm facing this trouble and i'm just in my late 20s, image all the hard time our parents and other old timers are having navigating. the only reason i still haven't offloaded the app is cuz of the new cash back offer. once it's over, my journey with phone pe will be over as well. and i'm very sure lot of others are on the same page. good work phone pe.",1.0,Mevan_ofc,2025-09-20T01:28:09-07:00,25.0905.00,app_store_reviews_complete.csv,en,-0.05617715617715617
supposed i ilke,5.0,Adhigowdraaa,2025-09-19T21:49:10-07:00,25.0905.00,app_store_reviews_complete.csv,hr,0.0
no cashback,2.0,RahulVerma 1983,2025-09-19T19:42:34-07:00,25.0905.00,app_store_reviews_complete.csv,pt,0.0
i recently got a problem on home/shop rent payment option in phone pay thats i'm uninstall phone pay 3 4 times but home/shop rent option is not available in phone pay app .why are you remove home/shop rent method please resolve that query it's very serious problem for many members for phone pay app i'm already uninstall phone pay app right now . technician team please resolve fast . it's very big problem.,1.0,Tyagihhs,2025-09-19T10:03:23-07:00,25.0905.00,app_store_reviews_complete.csv,en,0.05034013605442177
nice,5.0,Chiranjib Dash,2025-09-19T08:17:03-07:00,25.0905.00,app_store_reviews_complete.csv,pl,0.6
not going upi payments,2.0,RockyAlpha,2025-09-19T07:27:39-07:00,25.0905.00,app_store_reviews_complete.csv,tl,0.0
gufsgjjff,5.0,Adil raja &39,2025-09-19T06:50:02-07:00,25.0905.00,app_store_reviews_complete.csv,sq,0.0
app blocked after years of usage. logging in option is useless and of no help. extremely user unfriendly app,1.0,shanu dev,2025-09-18T22:47:03-07:00,25.0905.00,app_store_reviews_complete.csv,en,-0.3125
hey ! my dear people's please do not install the your mobile phone pay is very very bad and wrost app . im not hppy and satisfaction . this is the world bad app .,1.0,Hit‘s solanki,2025-09-18T02:59:00-07:00,25.0905.00,app_store_reviews_complete.csv,en,-0.8049999999999998
"this app functions properly when it comes to payments. however, the absence of no options to turn off promotional notifications on my iphone screen is unprofessional and unfair.",2.0,Folmgip,2025-09-18T02:29:43-07:00,25.0905.00,app_store_reviews_complete.csv,en,-0.1708333333333333
its very good app easy to use,5.0,Shan@4042,2025-09-18T00:30:28-07:00,25.0905.00,app_store_reviews_complete.csv,en,0.6716666666666666
no offers like paytm or gpay and when i check balance shows more but actual it's less,2.0,Arvind jio,2025-09-17T18:57:40-07:00,25.0905.00,app_store_reviews_complete.csv,en,0.07083333333333333
unable to pay from last 2 days,3.0,Gha222455()₹,2025-09-17T15:14:16-07:00,25.0905.00,app_store_reviews_complete.csv,en,-0.25
mast,5.0,Ghelabhai m fangliya,2025-09-17T08:47:44-07:00,25.0905.00,app_store_reviews_complete.csv,et,0.0
"""something went wrong. please try again later"" i'm seeing this from 3 months. i guess, after default upi i selected as gpay. it's not good to treat like this.",1.0,am01.ammu,2025-09-17T06:02:07-07:00,25.0905.00,app_store_reviews_complete.csv,en,-0.2833333333333333
home and shop rent payment credit card option not available,1.0,Ss Ingale,2025-09-17T04:31:56-07:00,25.0905.00,app_store_reviews_complete.csv,en,-0.2
the rent payment option was very useful for me. the option is not available now. i was trying to reach customer care but no options available to contact. please add the options back.,2.0,panda0000999000,2025-09-16T23:22:09-07:00,25.0822.06,app_store_reviews_complete.csv,en,0.14750000000000002
such an idiots change their interface evertime and users needs to take training to find something. stop changing the interface freaking every time.,1.0,gameswagger,2025-09-16T19:55:44-07:00,25.0822.06,app_store_reviews_complete.csv,en,-0.4
can we have a feature like paytm wherein we can come to know in advance whether a merchant accepts credit card payments via upi?,3.0,MSCmnd,2025-09-16T07:14:16-07:00,25.0822.06,app_store_reviews_complete.csv,en,0.0
nothing to issue,5.0,Sharlinejoy,2025-09-15T22:43:41-07:00,25.0822.06,app_store_reviews_complete.csv,en,0.0
rent option is not showing to transfer my money. please help me,2.0,Tharun venkat,2025-09-15T22:39:41-07:00,25.0822.06,app_store_reviews_complete.csv,en,0.0
"from last two days , i am unable to do any transaction using phone pe. when i am scanning qr code , it is showing that the qr code is not identified . even i am unable to check my balances as well",1.0,Diavel_9722,2025-09-15T19:41:34-07:00,25.0822.06,app_store_reviews_complete.csv,en,-0.3333333333333333
good,5.0,Stalinbontha,2025-09-15T08:11:12-07:00,25.0822.06,app_store_reviews_complete.csv,so,0.7
"i just want you improve in one thing......which is,when we end the 24 hrs amount transfer limit you should give countdown of when i can regain the full limit...... or simply give the limit on right hamd corner all the time",5.0,sknarsule,2025-09-15T07:50:38-07:00,25.0822.06,app_store_reviews_complete.csv,en,0.2119047619047619
"facing serious problems with autopay option. unable to delete , stop or pause. customer service has not responded yet. the app has stopped recognising my bank account.",1.0,🫡😶‍🌫️😡😡,2025-09-15T01:11:14-07:00,25.0822.06,app_store_reviews_complete.csv,en,-0.41666666666666663
"poor customer support, no response on tickets they don't have any email id for complaint only customer care number where all are giving irrelevant information such a worst application",1.0,Prarash,2025-09-14T22:55:19-07:00,25.0822.06,app_store_reviews_complete.csv,en,-0.3666666666666667
no option to deactivate notifications inside app per module,1.0,Khemraj Sharma,2025-09-14T09:40:12-07:00,25.0822.06,app_store_reviews_complete.csv,en,0.0
unable to pay since afternoon,2.0,Deep fake app cred,2025-09-14T08:13:53-07:00,25.0822.06,app_store_reviews_complete.csv,en,-0.5
everytime i have to uninstall and reinstall to use. what is wrong with you ?,5.0,RtanVar,2025-09-14T07:54:25-07:00,25.0613.05,app_store_reviews_complete.csv,en,-0.5
ye phone pe khul hi ni riya he phone pe likha aaata he fir freeg ho jata he uninstalled kr ke install kr ne pr ek bar chal ta he fir band ho jata he,1.0,mark__42,2025-09-14T03:43:51-07:00,25.0613.05,app_store_reviews_complete.csv,en,0.0
stupid app,1.0,Sameer1326383,2025-09-13T23:28:44-07:00,25.0822.06,app_store_reviews_complete.csv,et,-0.7999999999999999
"the app has been smooth overall, but for the past week there's a recurring glitch — after completing a payment, the app freezes when trying to share the receipt. the only way out is to force close and restart the app. the ""share receipt"" option is currently not functional, which makes it inconvenient. hope this gets fixed soon.",3.0,Imran Belgaumi,2025-09-13T21:05:39-07:00,25.0822.06,app_store_reviews_complete.csv,en,-0.049999999999999996
worst customer service not able to rectify issue taking more than 2 weeks and still needs time worst worst worst please do not invest in any investment with them stay away from this app,1.0,Thim007,2025-09-13T10:10:10-07:00,25.0822.06,app_store_reviews_complete.csv,en,-0.625
unable to change the pin. when i'm resetting it i am not getting theotp on my nmbr,1.0,Sadiya.S,2025-09-13T08:57:38-07:00,25.0822.06,app_store_reviews_complete.csv,en,-0.5
satisfactory,4.0,Sun@19,2025-09-13T08:29:24-07:00,25.0822.06,app_store_reviews_complete.csv,en,0.0
i want payments history delete,3.0,jantan6789,2025-09-13T06:38:56-07:00,25.0822.06,app_store_reviews_complete.csv,en,0.0
very nice,5.0,nazimroy,2025-09-13T05:08:00-07:00,25.0822.06,app_store_reviews_complete.csv,cs,0.78
excellent and reliable service,5.0,Parayya,2025-11-12T03:25:32-07:00,25.1017.05,dataset_apple-app-store-review-scraper.csv,en,1.0
"i am currently using an iphone 7 plus and have been relying on your application for over three years. i recently noticed that the app is now requiring an ios update to function. could you please explain the technical reasons why this ios update is mandatory to continue using the application? given that the iphone 7 plus is no longer receiving new ios version updates, this requirement implies that i would need to purchase a new phone just to access your app. i would appreciate any insight you can provide regarding this situation.",1.0,nephsterr,2025-11-03T20:37:29-07:00,25.0613.05,dataset_apple-app-store-review-scraper.csv,en,0.05454545454545454
popping up instant notifications for advertising is unacceptable. deleted.,1.0,Mojourjojo,2025-10-30T04:12:18-07:00,25.1017.00,dataset_apple-app-store-review-scraper.csv,en,0.0
very good service.,5.0,Good providers,2025-10-26T07:18:44-07:00,25.1003.06,dataset_apple-app-store-review-scraper.csv,en,0.9099999999999999
good,5.0,Dev sidar,2025-10-22T18:19:29-07:00,25.1003.00,dataset_apple-app-store-review-scraper.csv,so,0.7
very easy,5.0,Pizburg,2025-10-22T13:28:04-07:00,25.1003.00,dataset_apple-app-store-review-scraper.csv,en,0.5633333333333334
great experience!,5.0,MaliniKB,2025-10-15T19:49:13-07:00,25.0919.07,dataset_apple-app-store-review-scraper.csv,ro,1.0
application is fast and extremely easy to use,5.0,a5_anand,2025-10-11T19:25:47-07:00,25.0919.06,dataset_apple-app-store-review-scraper.csv,en,0.31666666666666665
can not select any other country other then india.. can not create account with usa no. fix the app.,2.0,Business-Hotel,2025-10-10T06:47:29-07:00,25.0919.06,dataset_apple-app-store-review-scraper.csv,en,-0.125
i find this app very much convenient for all my recharges..,5.0,Arun Bhole,2025-10-03T19:15:51-07:00,25.0905.05,dataset_apple-app-store-review-scraper.csv,en,0.26
"so nice and easy to use app that, i wonder to see old aged, illiterate, street vendors including females are using effortlessly, it's contributing might to the beautiful and most powerful digital india platform",5.0,VasanthSccl,2025-09-16T09:56:27-07:00,25.0822.06,dataset_apple-app-store-review-scraper.csv,en,0.33541666666666664
was able to register my international phone number seamlessly bhim upi had issues,5.0,MumbaiIndian009,2025-09-05T01:43:53-07:00,25.0822.00,dataset_apple-app-store-review-scraper.csv,en,0.19999999999999998
i was trying to set up my upi through hdfc account and it was giving me very hard time but with the phone i was able to do it within few minutes. 5 star for the convenience.,5.0,AkshaySarkar,2025-08-27T19:21:01-07:00,25.0808.09,dataset_apple-app-store-review-scraper.csv,en,-0.026388888888888906
finally an app that works for nre account and it works awesome with hdfc nre and nro account,5.0,Victor_ Victor,2025-08-25T01:38:17-07:00,25.0725.07,dataset_apple-app-store-review-scraper.csv,en,0.5
"this is the best app in india. it is safe , it is fast and it was easy",5.0,Sunny712320111,2025-08-08T08:36:10-07:00,25.0725.00,dataset_apple-app-store-review-scraper.csv,en,0.5333333333333333
being an nri customer. this is app at finger tips. super user friendly and simple to use. thanks again,5.0,PinkTattoo Girl,2025-08-07T04:03:47-07:00,25.0725.00,dataset_apple-app-store-review-scraper.csv,en,0.2270833333333333
if your payment is stuck for whatever reason on the receiving bank side you are screwed. the payment is deducted from your bank and there is no way to recover it. i ended up paying double my taxi fare. customer support is of no use as they claim nothing wrong from their side. whoever came up with this process needs to be fired. gpay is apparently better but it's not yet available for nris visiting india,1.0,Chess512,2025-07-24T06:38:34-07:00,25.0711.00,dataset_apple-app-store-review-scraper.csv,en,0.1
i guess this is the only indian upi app that works with foreign phone numbers and with the nre accounts. as long as the phone number you're using is the same as the one linked to the banks it is seamless. apart from this the customer service is amazing. i had some issues with the login. i contacted the customer support and they fixed the issue within two days.,5.0,RajeevBharol,2025-07-07T02:20:26-07:00,25.0613.05,dataset_apple-app-store-review-scraper.csv,en,0.0892857142857143
seamless onboarding. frictionless payments anywhere. love this app. so well done.,5.0,MadhuVudali,2025-07-06T23:13:00-07:00,25.0613.05,dataset_apple-app-store-review-scraper.csv,en,0.3
"being nri, always facing issues for setup with international number. no easy way to connect with customer service to resolve the issue. giving error multiple times but no path forward to resolve the issue.",1.0,RamyaRaveen,2025-07-03T09:41:23-07:00,25.0613.05,dataset_apple-app-store-review-scraper.csv,en,-0.07222222222222223
despite the claim the app does not work with international numbers. the sms verification step is broken.,1.0,DIYTexan,2025-07-02T00:36:37-07:00,25.0613.00,dataset_apple-app-store-review-scraper.csv,en,-0.2
"not reliable for everyday payments to whom you don't know. often payment are stuck for couple of days and then passes, instead of failing immediately if other bank is not accepting the payment. i had to pay uber twice and now unable to get refund from driver even after calling multiple times, all due to phonepe processing issues. this is an issue when you cannot directly follow up with the merchant. based on this experience gpay is the way to go, as it fails the transactions immediately.",1.0,amrendr,2025-06-26T01:06:44-07:00,25.0613.00,dataset_apple-app-store-review-scraper.csv,en,-0.19285714285714287
i can't believe money transfer can be so easy and quick!! thanks india,5.0,SamMathew,2025-06-21T10:32:06-07:00,25.0530.06,dataset_apple-app-store-review-scraper.csv,en,0.3847222222222222
"can stopped at no where , 4 km before the location . driver took 400 instead of 268",1.0,mp bangalore,2025-06-13T04:02:53-07:00,25.0530.00,dataset_apple-app-store-review-scraper.csv,en,0.0
the app doesn't open at all when i have to pay. it gets hung.,1.0,arpita.saha,2025-06-11T05:41:20-07:00,25.0530.00,dataset_apple-app-store-review-scraper.csv,en,0.0
good,,,,,phonepe_playstore_reviews.csv,so,0.7
its good to be in transaction,,,,,phonepe_playstore_reviews.csv,en,0.7
excellent,,,,,phonepe_playstore_reviews.csv,ca,1.0
very good,,,,,phonepe_playstore_reviews.csv,af,0.9099999999999999
very nice,,,,,phonepe_playstore_reviews.csv,cs,0.78
wow nice service,,,,,phonepe_playstore_reviews.csv,pl,0.35
thank you,,,,,phonepe_playstore_reviews.csv,en,0.0
good app very helpful,,,,,phonepe_playstore_reviews.csv,en,0.44999999999999996
sometimes it's not coming open,,,,,phonepe_playstore_reviews.csv,en,0.0
very good service,,,,,phonepe_playstore_reviews.csv,en,0.9099999999999999
good good service,,,,,phonepe_playstore_reviews.csv,hr,0.7
very easy,,,,,phonepe_playstore_reviews.csv,en,0.5633333333333334
बहुत अच्छा अच्छा अच्छा अच्छा अच्छा अच्छा,,,,,phonepe_playstore_reviews.csv,ne,0.0
acha,,,,,phonepe_playstore_reviews.csv,cy,0.0
good similar paytm,,,,,phonepe_playstore_reviews.csv,tl,0.35
best,,,,,phonepe_playstore_reviews.csv,af,1.0
hanging/ freezing issue faced on samsung galaxy a20,,,,,phonepe_playstore_reviews.csv,en,0.0
nice brother,,,,,phonepe_playstore_reviews.csv,en,0.6
excellent workvgvgbv,,,,,phonepe_playstore_reviews.csv,nl,1.0
nice,,,,,phonepe_playstore_reviews.csv,pl,0.6
very good app,,,,,phonepe_playstore_reviews.csv,en,0.9099999999999999
i close auto payment how paid again,,,,,phonepe_playstore_reviews.csv,en,0.0
nid to all of us are usmein aap so gaye ho to batao kya hua yaar mera nahin ho raha ho,,,,,phonepe_playstore_reviews.csv,so,0.0
super,,,,,phonepe_playstore_reviews.csv,ro,0.3333333333333333
jafarshaikh,,,,,phonepe_playstore_reviews.csv,so,0.0
good look,,,,,phonepe_playstore_reviews.csv,so,0.7
late process isusu,,,,,phonepe_playstore_reviews.csv,en,-0.3
good payment app,,,,,phonepe_playstore_reviews.csv,fr,0.7
it's good,,,,,phonepe_playstore_reviews.csv,en,0.7
best aap,,,,,phonepe_playstore_reviews.csv,af,1.0
i've been using phonepe for quite some time now. recently i had a situation where money from an unknown id was transferred into my account. the unknown person was calling me constantly for the return. i had no way of knowing if it was spam or not. i tried to raise a ticket but there was no option for this. i tried calling customer support multiple times but there was a recorded conversation without any option for these situations. this is frustrating and very bad service.,,,,,phonepe_playstore_reviews.csv,en,-0.2157142857142857
challla manchii app,,,,,phonepe_playstore_reviews.csv,it,0.0
very good experience good app personal information like so much and performance,,,,,phonepe_playstore_reviews.csv,en,0.45249999999999996
slow,,,,,phonepe_playstore_reviews.csv,sk,-0.30000000000000004
good app,,,,,phonepe_playstore_reviews.csv,en,0.7
easy and fast,,,,,phonepe_playstore_reviews.csv,en,0.31666666666666665
good working process,,,,,phonepe_playstore_reviews.csv,en,0.7
very nice app,,,,,phonepe_playstore_reviews.csv,cs,0.78
done,,,,,phonepe_playstore_reviews.csv,it,0.0
app good,,,,,phonepe_playstore_reviews.csv,af,0.7
gooo,,,,,phonepe_playstore_reviews.csv,so,0.0
excellent app .,,,,,phonepe_playstore_reviews.csv,fr,1.0
scooper good,,,,,phonepe_playstore_reviews.csv,nl,0.7
excellent app,,,,,phonepe_playstore_reviews.csv,fr,1.0
சிறந்த வசதிகள் உள்ளன,,,,,phonepe_playstore_reviews.csv,ta,0.0
esy to used,,,,,phonepe_playstore_reviews.csv,en,0.0
good net work issue web options,,,,,phonepe_playstore_reviews.csv,af,0.35
supar,,,,,phonepe_playstore_reviews.csv,id,0.0
suprr,,,,,phonepe_playstore_reviews.csv,ro,0.0
service good recharge service price very bad,,,,,phonepe_playstore_reviews.csv,en,-0.10499999999999993
"not able to open the app after installation, i have done my gold sip and cannot open the app to use the amount nor transfer from my phone. kindly suggest what is wrong",,,,,phonepe_playstore_reviews.csv,en,-0.030000000000000006
how to pause auto pay... ok latest version not available,,,,,phonepe_playstore_reviews.csv,en,0.26666666666666666
good for pay!,,,,,phonepe_playstore_reviews.csv,en,0.875
sir again same problm on going why? unable to login any solution,,,,,phonepe_playstore_reviews.csv,en,-0.25
badhiya,,,,,phonepe_playstore_reviews.csv,so,0.0
"i am never buying policies from phonepe anymore,i have had a very bad experience. i even urge the people not to buy it. i paid a sum of 12k in vehicle insurance but got only 5k back . it was later found out that to make the price of the policy low, like a bait, the ncb was kept very high. moreover i waited for more than 2 months to get back the amount. it was a vehicle insurance luckily had it been health insurance i would have faced the deadliest scams ever.the care people dont even bother.",,,,,phonepe_playstore_reviews.csv,en,0.01459259259259262
my phone pay account blocked without reason,,,,,phonepe_playstore_reviews.csv,en,0.0
besst facilities provided this app,,,,,phonepe_playstore_reviews.csv,en,0.0
super fast,,,,,phonepe_playstore_reviews.csv,it,0.26666666666666666
good working,,,,,phonepe_playstore_reviews.csv,af,0.7
"chor app, convenience fee too high even for using their co branded card, what a shame",,,,,phonepe_playstore_reviews.csv,en,0.16
recharge par 3% flatfrom fees यह गलत हैं जब फोन पे भारत का app हैं,,,,,phonepe_playstore_reviews.csv,hi,0.0
not interested fake,,,,,phonepe_playstore_reviews.csv,no,-0.3125
phonepe nice app but i look spend analysis that features not available phonepe appbring spend analysis,,,,,phonepe_playstore_reviews.csv,en,0.19999999999999998
"urge people to not use phonepe. i transferred money for a payment on the 11th nov 22:49, the payment was stuck in processing and phonepe claims that they will reach out to the receiver's bank and it will be reverted if it doesn't go through within 48hrs, which is 13th nov, 22:49. after 48hrs, they claim they are still reaching out to the receiver's bank and will update on 17th nov. upon replying to the ticket, they again updated that they will update on 24th nov, 17:21. don't use phonepe.",,,,,phonepe_playstore_reviews.csv,en,0.0
easy and fast service,,,,,phonepe_playstore_reviews.csv,en,0.31666666666666665
better,,,,,phonepe_playstore_reviews.csv,no,0.5
"improvement of speed and giltech ok,",,,,,phonepe_playstore_reviews.csv,en,0.5
safe,,,,,phonepe_playstore_reviews.csv,cy,0.5
easy to use very good app,,,,,phonepe_playstore_reviews.csv,en,0.6716666666666666
good experience,,,,,phonepe_playstore_reviews.csv,en,0.7
very nice aap,,,,,phonepe_playstore_reviews.csv,af,0.78
nice app thanks for,,,,,phonepe_playstore_reviews.csv,en,0.4
super app,,,,,phonepe_playstore_reviews.csv,it,0.3333333333333333
excellent but some time gets high power issue,,,,,phonepe_playstore_reviews.csv,en,0.58
pay phone,,,,,phonepe_playstore_reviews.csv,tl,0.0
vvv good app,,,,,phonepe_playstore_reviews.csv,sl,0.7
please open this app,,,,,phonepe_playstore_reviews.csv,en,0.0
অসাধারণ,,,,,phonepe_playstore_reviews.csv,bn,0.0
very ugly user interface. i don't like it.,,,,,phonepe_playstore_reviews.csv,no,-0.9099999999999999
best app,,,,,phonepe_playstore_reviews.csv,fr,1.0
sometimes good sometimes giving hand,,,,,phonepe_playstore_reviews.csv,da,0.7
very good supar ‍,,,,,phonepe_playstore_reviews.csv,en,0.9099999999999999
super good saras,,,,,phonepe_playstore_reviews.csv,hr,0.5166666666666666
phone pe given zero cashback,,,,,phonepe_playstore_reviews.csv,en,0.0
very good apps,,,,,phonepe_playstore_reviews.csv,af,0.9099999999999999
veery good,,,,,phonepe_playstore_reviews.csv,af,0.7
isn't working properly when we have shifted from one phone to another the isn't responding to contact there is no number please check this and clear this issue as soon as possible,,,,,phonepe_playstore_reviews.csv,en,0.03333333333333333
smart,,,,,phonepe_playstore_reviews.csv,sv,0.21428571428571427
good and safe with past,,,,,phonepe_playstore_reviews.csv,en,0.31666666666666665
best app easy to use,,,,,phonepe_playstore_reviews.csv,en,0.7166666666666667
beautiful app,,,,,phonepe_playstore_reviews.csv,ro,0.85
this app is very usefull,,,,,phonepe_playstore_reviews.csv,en,0.2
"easy to manage , fast and accurate , secured , easily pay different types of bills through phone pay like electricity bill , mobile recharge , and some ect ......",,,,,phonepe_playstore_reviews.csv,en,0.29333333333333333
worsted app i am really disappointed cashback not received it will fraded i will share screenshot but it will be no option share screenshot,,,,,phonepe_playstore_reviews.csv,en,-0.75
better to use,,,,,phonepe_playstore_reviews.csv,no,0.5
good & perfect app for online payment,,,,,phonepe_playstore_reviews.csv,en,0.85
very nice nice nice,,,,,phonepe_playstore_reviews.csv,cs,0.66
work get easier,,,,,phonepe_playstore_reviews.csv,af,0.0
good better,,,,,phonepe_playstore_reviews.csv,af,0.6
"very good, instead showing in your app send a sms to the concern",,,,,phonepe_playstore_reviews.csv,en,0.9099999999999999
most usefull and easy app,,,,,phonepe_playstore_reviews.csv,en,0.4666666666666667
my airtel payment bank technical issue problem,,,,,phonepe_playstore_reviews.csv,en,0.0
best app.,,,,,phonepe_playstore_reviews.csv,no,1.0
indian app good,,,,,phonepe_playstore_reviews.csv,af,0.7
