"author","content","date","rating","title","version"
"Parayya","Excellent and reliable service","2025-11-12T03:25:32-07:00","5","Parayya","25.1017.05"
"nephsterr","I am currently using an iPhone 7 Plus and have been relying on your application for over three years. I recently noticed that the app is now requiring an iOS update to function.

Could you please explain the technical reasons why this iOS update is mandatory to continue using the application?

Given that the iPhone 7 Plus is no longer receiving new iOS version updates, this requirement implies that I would need to purchase a new phone just to access your app. I would appreciate any insight you can provide regarding this situation.","2025-11-03T20:37:29-07:00","1","iOS not supported","25.0613.05"
"Mojourjojo","Popping up instant notifications for advertising is unacceptable. Deleted.","2025-10-30T04:12:18-07:00","1","Marketing notifications","25.1017.00"
"Good providers","Very good service.","2025-10-26T07:18:44-07:00","5","Good and convenient.","25.1003.06"
"Dev sidar","Good","2025-10-22T18:19:29-07:00","5","Good","25.1003.00"
"Pizburg","Very easy","2025-10-22T13:28:04-07:00","5","Very good","25.1003.00"
"MaliniKB","Great experience!","2025-10-15T19:49:13-07:00","5","Easy to use","25.0919.07"
"a5_anand","Application is fast and extremely easy to use","2025-10-11T19:25:47-07:00","5","Usability","25.0919.06"
"Business-Hotel","Can not select any other country other then India.. can not create account with USA No. Fix the app.","2025-10-10T06:47:29-07:00","2","Not for NRI","25.0919.06"
"Arun Bhole","I find this app very much convenient for all my recharges..","2025-10-03T19:15:51-07:00","5","My recharge payments","25.0905.05"
"VasanthSccl","So nice and easy to use  app that, I wonder to see old aged, illiterate, street vendors including females are using effortlessly, it’s contributing might to the beautiful and most powerful Digital India platform","2025-09-16T09:56:27-07:00","5","Easy to use - contributing might for Digital India","25.0822.06"
"MumbaiIndian009","Was able to register my international phone number seamlessly BHIM UPI had issues","2025-09-05T01:43:53-07:00","5","Fast and efficient!","25.0822.00"
"AkshaySarkar","I was trying to set up my UPI through Hdfc account and it was giving me very hard time but with the phone I was able to do it within few minutes. 5 star for the convenience.","2025-08-27T19:21:01-07:00","5","Hdfc Account failed UPI. Phonepe for Win","25.0808.09"
"Victor_ Victor","Finally an app that works for NRE account and it works awesome with HDFC NRE and NRO account","2025-08-25T01:38:17-07:00","5","Best payment app for NRE account","25.0725.07"
"Sunny712320111","This is the best app in India. 
It is safe , it is fast and it was easy","2025-08-08T08:36:10-07:00","5","Best and safe","25.0725.00"
"PinkTattoo Girl","Being an NRI customer. This is app at finger tips. Super user friendly and simple to use. Thanks again","2025-08-07T04:03:47-07:00","5","This is amazing app","25.0725.00"
"Chess512","If your payment is stuck for whatever reason on the receiving bank side you are screwed. The payment is deducted from your bank and there is no way to recover it. I ended up paying double my taxi fare. Customer support is of no use as they claim nothing wrong from their side. Whoever came up with this process needs to be fired. GPay is apparently better but it’s not yet available for NRIs visiting India","2025-07-24T06:38:34-07:00","1","Stuck payments a nightmare","25.0711.00"
"RajeevBharol","I guess this is the only Indian UPI app that works with foreign phone numbers and with the NRE accounts. As long as the phone number you’re using is the same as the one linked to the banks it is seamless.

Apart from this the Customer Service is amazing. I had some issues with the login. I contacted the Customer Support and they fixed the issue within two days.","2025-07-07T02:20:26-07:00","5","Awesome app. Great customer service.","25.0613.05"
"MadhuVudali","Seamless onboarding. Frictionless payments anywhere. Love this app. So well done. 👏👏👏","2025-07-06T23:13:00-07:00","5","Amazing payment app","25.0613.05"
"RamyaRaveen","Being NRI, always facing issues for setup with international number. No easy way to connect with customer service to resolve the issue. Giving error multiple times but no path forward to resolve the issue.","2025-07-03T09:41:23-07:00","1","Pure customer service","25.0613.05"
"DIYTexan","Despite the claim the app does not work with international numbers. The SMS verification step is broken.","2025-07-02T00:36:37-07:00","1","Does not work with international numbers","25.0613.00"
"amrendr","Not reliable for everyday payments to whom you don’t know. Often payment are stuck for couple of days and then passes, instead of failing immediately if other bank is not accepting the payment. I had to pay uber twice and now unable to get refund from driver even after calling multiple times, all due to phonepe processing issues. This is an issue when you cannot directly follow up with the merchant. Based on this experience GPay is the way to go, as it fails the transactions immediately.","2025-06-26T01:06:44-07:00","1","Stuck payments, beware you may pay twice and will not able to recover from merchant.","25.0613.00"
"SamMathew","I can’t believe money transfer can be so easy and quick!! Thanks India","2025-06-21T10:32:06-07:00","5","Absolutely phenomenal","25.0530.06"
"mp bangalore","Can stopped at no where , 4 km before the location . Driver took 400 instead of 268","2025-06-13T04:02:53-07:00","1","Mahendra","25.0530.00"
"arpita.saha","The app doesn’t open at all when I have to pay. It gets hung.","2025-06-11T05:41:20-07:00","1","App doesn’t work","25.0530.00"
