author,rating,title,content,date,version,vote_count
Joyal J F,2,Accessibility and other problem,"This app is not very accessible for visually, impaired persons and in iOS again and again we have to login this app. This is worst experience. Very mad policy of the company.",2025-11-13T18:42:20-07:00,25.1031.00,0
Kannada Chandru,5,Good,Very nice,2025-11-13T06:03:06-07:00,25.1031.00,0
VDKmm,5,Mallu,Malesh,2025-11-13T05:59:23-07:00,25.1031.00,0
Mohan8889,2,Do NOT buy Digital gold,Please do NOT purchase Gold in digital gold. It is not working. You may lose money.,2025-11-13T05:42:49-07:00,25.1031.00,0
Harvindra singhal,5,Fastest service phone or,Good and fastest services and easy access,2025-11-13T04:06:39-07:00,25.1031.00,0
Pradip Jagtap,1,Pradip,Jagtap,2025-11-12T20:35:39-07:00,25.1031.00,0
Abhishek Maury,5,Secure app,Good condition,2025-11-12T16:08:59-07:00,25.1031.00,0
Ranchi Jharkhand,5,👍🏻,👍🏻,2025-11-12T09:00:49-07:00,25.1031.00,0
csvinayak,3,Biometric approval payment not configure  as. till today,Very delay update new features,2025-11-12T06:26:13-07:00,25.1031.00,0
Anmol deol,5,Siraaa,It’s amazing ❤️❣️🙏,2025-11-12T05:34:19-07:00,25.1031.00,0
Mickypandu,1,Looks old,Outdated interface,2025-11-12T05:33:14-07:00,25.1031.00,0
Rockysince1997,1,App loading issue,"Need to close and open for 2 times than it will open .. PhonePe app is not opening for 1 time when we open ,",2025-11-12T01:29:09-07:00,25.1017.05,0
Hvrrrddy,5,Jai Hind,Excellent speed,2025-11-12T01:00:20-07:00,25.1017.05,0
Rajashekar Hebbar C,5,Reg application,"Super app. User friendly, handy and convenient

Nice  to deal with",2025-11-11T22:36:16-07:00,25.1017.05,0
Ksingraul,5,Love et,MST,2025-11-11T20:55:19-07:00,25.1017.05,0
Sohi jass,5,Review,Best,2025-11-11T20:06:59-07:00,25.1017.05,0
Kaushalrajhbd,1,Extremely slow,1st Whenever we enter the new number it’s take too long time to appear the name 2nd in the history when I going to pay again it’s not able to click 3rd when we click to mobile number in the recent it’s showing old transaction not recent.,2025-11-11T19:49:05-07:00,25.1017.05,0
Faheem Taj,5,phonepay app just loading not opening,the app is not opening its just keep on loading,2025-11-11T06:55:42-07:00,25.1017.05,0
Sikarwar vinay,1,Statement 😡😡😡😡😡,"I’ve been trying to download my PhonePe transaction statement for FY 2023–24, but the app shows a technical error every time. It’s been over 3 days, and even after emailing customer support, I’ve received no response or solution.

PhonePe is good for payments, but the support system and technical reliability are very poor. Please fix the statement download issue and respond to users who genuinely need their transaction records for financial purposes.",2025-11-11T06:39:39-07:00,25.1017.05,0
Ziggi jsm,5,One and only,Hood one,2025-11-11T05:44:00-07:00,25.1017.05,0
Online thief,1,Fraud,Free mai pasia cut kartei ase joke Mera  bhot pasia chala geya Mera acc se Yei app ko use he mat kro paltu wala app hai not good for online,2025-11-11T04:17:01-07:00,25.1017.05,0
Timepass7,1,Stop sending promotional notifications,"Provide a way to opt out of promotional notifications, please don’t abuse the permissions we give you by spamming with random notifications every hour.",2025-11-11T03:13:57-07:00,25.1017.05,0
Vipul Simariya,1,PhonePe suddenly stopped working on my iPhone 8 Plus,"What nonsense is this? PhonePe suddenly stopped working on my iPhone 8 Plus just because it needs iOS 17 — which isn’t even available for my phone! This app worked perfectly fine a year ago, and now you’re forcing people to buy a new phone just to make payments? Totally unfair and frustrating. Stop looting consumers in the name of updates!",2025-11-11T01:28:22-07:00,25.1017.05,0
Vaibhavmama,5,Good app,Good app,2025-11-10T21:08:57-07:00,25.1017.05,0
HkLakshmi,1,Bangalore metro card recharge,Bangalore metro is not available for doing the recharge not sure why this one which is one of the imp commutation methods in Bangalore is left out please add the same,2025-11-10T16:54:58-07:00,25.1017.05,0
Arbaz  nadaf,5,Daud,Daud,2025-11-10T06:48:46-07:00,25.1017.05,0
DarrenFern,5,Cool,Cool,2025-11-10T03:23:06-07:00,25.1017.05,0
Aniket gotad,5,Good,Good I am happy,2025-11-10T02:29:26-07:00,25.1017.05,1
Kunal Lal Patil,5,Enjoying,Enjoying but their is a no cash back offer,2025-11-10T01:53:19-07:00,25.1017.05,0
Bijay Kumar mallick,5,Phone pay,Very good sir,2025-11-09T22:28:28-07:00,25.1017.05,0
giriraj vaishnav,5,👌,good job,2025-11-09T21:51:51-07:00,25.1017.05,0
B.Radhakrishnan,5,Transfer,Excellent,2025-11-09T21:05:17-07:00,25.1017.05,0
Vaishali khate,3,Very difficult,To open,2025-11-09T20:49:39-07:00,25.1017.05,0
Khurshed so,5,PhonePe,PhonePe,2025-11-09T19:08:26-07:00,25.1017.05,0
r@meshD,1,Not working on iPhone 7,After update phone pe is not working on iPhone 7. App is not at all openning just white screen comming,2025-11-09T17:54:09-07:00,25.0613.05,0
gali dilip,5,Super cute,Excellent,2025-11-09T08:22:50-07:00,25.1017.05,0
10000 i lost,1,Charges are extra,Can be improved,2025-11-09T05:08:59-07:00,25.1017.05,0
Keshapur,5,Bs keshapur,Bs keshapur,2025-11-09T03:28:59-07:00,25.1017.05,0
Alfa3655,2,Extra money for phone recharge,Avoid takin extra money,2025-11-09T00:39:35-07:00,25.1017.05,0
Reddychot,5,No one can beat.,Never ever underestimate Indian’s.,2025-11-08T19:17:16-07:00,25.1017.05,0
rajvbhagya,5,Thank you so much,Very easy to use . Everyone can understand . Every option is useful. This app is UNBEATABLE,2025-11-08T18:34:43-07:00,25.1017.05,0
ArunJolad,1,Be aware of frauds on PhonePe app,PhonePe digital gold is a grid run by PhonePe and jewellers. When you buy  a gold they don’t deliver you the gold. They ask you to sell for the fake market price for heavy loss as their market price is always 5000 rupees less than the actual market price,2025-11-08T09:45:58-07:00,25.1017.05,0
Vyankatesh Pillay,5,Smooth app,App is so much smooth,2025-11-08T06:35:30-07:00,25.1017.05,0
Smart Arkhit,5,Phone pay,Smart sk,2025-11-08T06:26:04-07:00,25.1017.05,0
mani9346,5,Mani,Mani,2025-11-08T05:28:29-07:00,25.1017.05,0
SAHEB DEBNATH,5,Good,Good service,2025-11-08T05:02:47-07:00,25.1017.05,0
kmvasava,5,Fast service,Excellent service,2025-11-08T04:07:55-07:00,25.1017.05,0
Praful 8340,1,App not working,"Noting working on app , show something went wrong. Please fix the issue as getting error on payment,history all bills related",2025-11-08T01:29:12-07:00,25.1017.05,0
Mhsnmohmed,1,Not good,Not like,2025-11-07T22:42:52-07:00,25.1017.05,0
Rasik Asda’s,5,Ok,Ok,2025-11-07T21:43:50-07:00,25.1017.05,0
Rasik Asda’s,5,Ok,Ok,2025-11-07T21:43:50-07:00,25.1017.05,0
HMARKNK,1,App issue,"App stooped working .Even after reinstalling app white screen issue still persist. There is no way to contact customer care for such issues

Everytime i have to restart app ,,,, very frustrating",2025-11-07T20:46:51-07:00,25.1017.05,0
Purushottam bunny,5,Purush,Best,2025-11-07T16:37:33-07:00,25.1017.05,0
OmkarSingh,1,App Not Working Iphone 12 Mini,"post updating the latest version app stopped working, I can’t even access",2025-11-07T08:54:35-07:00,25.1017.05,0
Tu  CC ni dad,5,Lone,Fraud ho rahe hai aab phone pay ma,2025-11-07T05:53:33-07:00,25.1017.05,0
Solty paan shop,5,Good,So much,2025-11-07T05:31:10-07:00,25.1017.05,0
Sandeshmsgowda,5,Sandesh,Super,2025-11-07T04:34:30-07:00,25.1017.05,0
Tibrata,5,Nice,Easy for life,2025-11-07T03:10:28-07:00,25.1017.05,0
Offlx abi,1,Worst app,Worst app I used Iam invest in gold but the amount is not credited in my accunt but they show the amount is credited,2025-11-07T02:43:26-07:00,25.1017.05,0
Krishna keshari,1,Completely dissatisfied by app support,"I have issue regarding kyc and tried calling on support numbers but agents are not available or no option to talk to agents, no email id provided by company so in sort your problem can’t be heard.",2025-11-06T22:50:53-07:00,25.1017.05,0
I’m owner the city Mary,5,Nice pay,Good job guys,2025-11-06T21:09:08-07:00,25.1017.05,0
Bhabani Gond,5,Bhabani,Gond,2025-11-06T20:59:27-07:00,25.1017.05,0
Dhsnkc,1,Nothing important,👎,2025-11-06T19:41:52-07:00,25.1017.05,0
Pappakutty,1,Padma,Very gif,2025-11-06T19:28:59-07:00,25.1017.05,0
Harish Ramaswamy,5,Excellent payment history,Not one instance of payment failure. Smooth and effortless.,2025-11-06T18:33:04-07:00,25.1017.05,0
Rajneesh B.S,1,Phonepe Wallet money not able to use for transactions,Guys please don’t top up your phonepe wallet as there is no option to send the money through wallet even though i have my balance even I am not able to withdraw my money from the wallet as it says transaction failed due to technical error. Its so cheap. Now I don’t know wt to do.,2025-11-06T06:48:01-07:00,25.1017.05,0
F0204,5,Helped me to set UPI Pin,I am sorry but i forgot the name but the person was so helpful now i can do the transaction,2025-11-06T00:27:20-07:00,25.1017.05,0
Gf ddgh,2,Technical issue,Technical issue,2025-11-05T22:06:21-07:00,25.1017.05,0
ReyAKV,3,No customer support,"Trying to contact customer care service regarding CC but unable to pass through IVR agent 
No reply from phonepe also. If they can’t understand the customer querry , i am bound to say poor customer care service.",2025-11-05T21:06:49-07:00,25.1017.05,0
Yuvan krishna,5,Exlent,Very good & fast service,2025-11-05T19:31:19-07:00,25.1017.05,0
bheru ahari,5,शानदार प्रदर्शन,५,2025-11-05T09:24:23-07:00,25.1017.05,0
skumarsoni,5,Good,Nice,2025-11-05T09:09:34-07:00,25.1017.05,0
Satish he,5,Good,Good,2025-11-05T07:26:38-07:00,25.1017.05,0
Musjad,5,Lovely,Easy to use,2025-11-05T07:06:53-07:00,25.1017.05,0
Trixe term lie,4,reliability,"never know when it works or not. 
need to have back up/ option B handy",2025-11-05T06:55:33-07:00,25.1017.05,0
Nausahad,5,Awesome,It’s easy to pay,2025-11-05T06:05:51-07:00,25.1017.05,0
Nabeel2139,1,Poor service,Poor service i have complainted regarding an issue but it has been around a month no use the issue is not solved until now,2025-11-05T01:50:52-07:00,25.1017.05,0
Amanprit singh,5,NIC,Good,2025-11-04T22:07:06-07:00,25.1017.05,0
SHIVER KUMAR,1,Third Class app,Don’t use this aap. Third class services . You can withdrawl your own money.,2025-11-04T09:12:23-07:00,25.1017.05,0
jot banur,5,Gud,Nice,2025-11-04T07:59:53-07:00,25.1017.05,0
91 78454 35832,5,Laxman Singh,+91 78454 35832,2025-11-04T07:16:46-07:00,25.1017.05,0
Golu Dhande,5,Good,Super,2025-11-04T05:52:12-07:00,25.1017.05,0
Cut boy123,5,Super,Super app in PhonePe,2025-11-04T05:34:08-07:00,25.1017.05,0
Simmuali,5,Goood,Good,2025-11-04T04:11:01-07:00,25.1017.05,0
fckumcgdg,5,Wish,They make a app such as these for teens,2025-11-04T04:08:25-07:00,25.1017.05,0
raza461938,5,Fastest Payment App,its very easy to use and secure also thanks for easy my payment,2025-11-04T01:11:03-07:00,25.1017.00,0
Harish  Desai,5,Good,Good,2025-11-03T22:28:45-07:00,25.1017.00,0
Vicky kadva,1,Cash back,No cash back.         No cash back,2025-11-03T20:33:16-07:00,25.1017.00,0
Khemsa  jani,5,Very nice  app,Esme 18 year+ bank accounts bante h jo ki bahut safe h esse hm Hm subscriber bhi kar sakte h recharge bhi kar sakte h and upi bhi kar sakte h or daily saving se gold bhi jma kar sakte h = safe app,2025-11-03T10:09:27-07:00,25.1017.00,0
Ravi ramaraj,1,Not working,"Today I faced problem with p.pay , I didn’t work",2025-11-03T06:45:45-07:00,25.1017.00,0
Suman Gunta,5,Awesome user interface,Awesome user interface. I feel very convenient using this app for payments. Thanks.,2025-11-03T03:39:04-07:00,25.1017.00,0
Sangyabhau,5,Good,Nice,2025-11-03T01:22:09-07:00,25.1017.00,0
Nikhil1132,5,Nice,Good app,2025-11-02T22:57:53-07:00,25.1017.00,0
Free cesh,5,Good,Good,2025-11-02T22:16:13-07:00,25.1017.00,0
Suman-657,3,Camera not working,"When try access camera to scan the QR code 
It’s not working, getting black screen",2025-11-02T21:47:21-07:00,25.1017.00,0
ritktk,1,17 version is not working in my phone,I want 15 version of phone pay and,2025-11-02T20:27:20-07:00,25.1017.00,0
Chhupa rustum,5,Very easy,10 out of 10,2025-11-02T11:21:21-07:00,25.1017.00,0
Apu Phukan,1,Motherhood app,Motherchood app,2025-11-02T09:14:32-07:00,25.1017.00,0
Guna goud,1,Worst biriyani,Same,2025-11-02T08:41:03-07:00,25.1017.00,0
Shahnawaz Shah 03,5,"Best and superfast app for all payments! Highly recommended.""","""I've been using PhonePe for years and my experience has been amazing. It's fast, reliable, and the interface is so simple that even my parents can use it easily. The range of services from UPI payments to bill recharges is fantastic.""",2025-11-02T08:24:31-07:00,25.1017.00,0
Sarfuraz,1,Payment got always failed,"I usually pay my credit card bill, but it has failed and the reversal time is too long. Who will be responsible if my bill bounces?",2025-11-02T07:51:03-07:00,25.1017.00,0
Adi hay,3,Timepass app,No rewards only ad,2025-11-02T07:45:40-07:00,25.1017.00,0
R.Suresh Babu,4,Ok,Good,2025-11-02T05:48:18-07:00,25.1017.00,0
Hoks855,1,Not working properly,It just stuck at every step without any progress,2025-11-02T05:46:09-07:00,25.1017.00,0
Rajjaaa77,5,Good,Tt,2025-11-02T02:47:56-07:00,25.1017.00,0
Suvhd,5,Reliable Application,"I’ve been using this app from last six years, and it is amazing and reliable.",2025-11-02T02:14:24-07:00,25.1017.00,0
MiyaBhaiMosn,1,App not working,Not wirking,2025-11-02T02:14:05-07:00,25.0613.05,0
Jayendra j joshi,5,Top,Good,2025-11-02T01:43:12-07:00,25.1017.00,0
12shi13,5,Good,Nice,2025-11-02T00:45:39-07:00,25.1017.00,0
stacK5555,1,My autopay has failed and I’m not even able to raise a ticket,My autopay has failed and I’m not even able to raise a ticket,2025-11-02T00:25:31-07:00,25.1017.00,0
Prasanth Vanjarapu,1,Very Bad,There was still a complaint that contact names were not displayed. still not fixed,2025-11-01T22:42:54-07:00,25.1017.00,0
VivekD123,3,No cashbacks,No cashbacks Compared to other upi apps,2025-11-01T21:03:56-07:00,25.1017.00,0
BSvas,5,Real time,Excellent service,2025-11-01T20:10:17-07:00,25.1017.00,0
Jashwan26ddhjj,1,Cash back,No cash back getting in phonepe,2025-11-01T18:46:09-07:00,25.1017.00,0
Dikshya Dutta,5,Besttttttt App! I completely all time use this.,I use this app always. I never use cash.,2025-11-01T07:55:26-07:00,25.1017.00,0
Mr baggu,5,I love India,Best app,2025-11-01T06:27:14-07:00,25.1017.00,0
Dipak Singh13,5,Good work,Very nice and beautiful,2025-11-01T05:36:38-07:00,25.1017.00,0
Gaurav Ji,5,Great,Ok 👍,2025-11-01T04:44:05-07:00,25.1017.00,0
Mani Salwan,5,UPI payment,"Phone pay is good aap for pay online payment to enjoy any type of facility to buy subscriptions like Spotify,online products while buy staying  at home. I like this app 👌🏻",2025-11-01T04:19:57-07:00,25.1017.00,0
Bhaswat2002,1,Ui Glitch,"When i try to pay Contact There is a ui glitch please resolve, when i swipe up to check transaction it goes blank on the bottom",2025-10-31T23:25:11-07:00,25.1017.00,0
Srisri76,5,Sri,Best service,2025-10-31T22:15:20-07:00,25.1017.00,0
Tinkykanju,5,Outstanding,Outstanding,2025-10-31T21:18:31-07:00,25.1017.00,0
Rajesh roulo,1,Not loading,Hi team  app not opening bugs kindly fix it asap,2025-10-31T19:41:53-07:00,25.1017.00,0
Mr Anil chauhan,5,Tom,Ok,2025-10-31T10:39:24-07:00,25.1017.00,0
Joshibhasker,5,Very good,Very good,2025-10-31T06:22:38-07:00,25.1017.00,0
Sathya18_02,4,Spend Analytics Report,Overall a very good app for payments but what I miss is the total spends to see on category wise as in paytm there is a way to see the total spends of every month based on category.This is very useful for me to track my spends and calculate on which I spent the most.It would be very useful if phonepe also shows the report.,2025-10-31T00:52:16-07:00,25.1017.00,0
Dilshad karim Raja,5,Superb,5 star,2025-10-30T20:40:04-07:00,25.1017.00,0
Babushabhav,5,Excellent,Excellent,2025-10-30T19:22:15-07:00,25.1017.00,0
salmankhanx09,5,good alwayd,goooooooood,2025-10-30T18:07:13-07:00,25.1017.00,0
Mangilal Bhaderwal,5,Received payment not show in full screen,Received payment not show in full screen,2025-10-30T11:26:06-07:00,25.1017.00,0
Kirak@143,1,issue,My phone is not working,2025-10-30T07:00:29-07:00,25.1017.00,0
Bhagya ram,5,Excellent,Super,2025-10-30T05:54:02-07:00,25.1017.00,0
Subuam,3,Accuracy,Fetching balance shown wrong in few months,2025-10-30T00:51:04-07:00,25.1003.06,0
uxfofofieidkskcld,4,Good,Good,2025-10-29T23:58:34-07:00,25.1003.06,0
Rohit_101010,5,To Thank them,Thank you my condition,2025-10-29T23:35:57-07:00,25.1003.06,0
Narinder pannu,5,Great app,Very reliable app for pay,2025-10-29T22:06:04-07:00,25.1003.06,0
Chetanshin,2,No any cashback offers,No any cashback offers,2025-10-29T10:38:12-07:00,25.1003.06,0
Rajpal singh Rawat,2,iPhone,I have to download again and again due to old iPhone not supported phone pay and many apps,2025-10-29T09:56:17-07:00,25.1003.06,0
A9966773640a,5,Good work,Fast,2025-10-29T06:31:31-07:00,25.1003.06,0
Vivek Raikar,4,Remove the captions added when sharing payment receipt,It is annoying to erase the caption that comes when I share the msg on other apps. Remove it from your app.,2025-10-29T06:04:15-07:00,25.1003.06,0
NVSwamy,5,PhonePay way,"PhonePay is the easiest, safest and effortless way of money transfer/payment",2025-10-29T05:40:18-07:00,25.1003.06,0
Habjsjab,1,Getting out from app,App not working suddenly getting out,2025-10-29T02:28:44-07:00,25.1003.06,0
Bharath Gangadhar Jois,5,Awesome,Feeling good in all locations,2025-10-29T00:54:19-07:00,25.1003.06,0
Sandeep Punul,5,Good app,Good,2025-10-29T00:05:34-07:00,25.1003.06,0
Yashasvicsc,1,Slow and unexpected errors many times,Service are cold not working good slow and hanging issue many time,2025-10-28T21:09:20-07:00,25.1003.06,0
wehdhkcf,1,Stupid app,Stupid app no customer support this will and should go down soon,2025-10-28T20:37:53-07:00,25.1003.06,0
FaZe Aditya,1,“Paid using PhonePe” Spam,"Why is this app adding paid using PhonePe UPI spam after every single payment? Like when you have to share the screenshot with someone, for example WhatsApp this app adds the spam automatically each time. It’s very annoying.",2025-10-28T03:39:12-07:00,25.1003.06,0
Skhuseini,5,Great,Excellent,2025-10-28T02:26:24-07:00,25.1003.06,0
Sweetyog,5,Incredible,Service is God,2025-10-28T01:56:27-07:00,25.1003.06,0
Dhirukhan,5,Make in india,From india to world we are laps and bound ahead,2025-10-27T21:31:06-07:00,25.1003.06,0
Naresh anju,5,Excellent,😊,2025-10-27T20:45:07-07:00,25.1003.06,0
Ibc aman Maurya,5,Bahut hi Aacha,Bahut Aacha h,2025-10-27T20:41:50-07:00,25.1003.06,0
dfgecf,1,Bad,"Not working, my version 15.8.5 , how to fix this problem",2025-10-27T20:33:53-07:00,25.1003.06,0
Mohan rupa,5,Super,5star worth,2025-10-27T20:33:47-07:00,25.1003.06,0
Shekar12@0609,1,Worst,Phone pe not giving any cashbacks,2025-10-27T10:56:35-07:00,25.1003.06,0
Tanyajha_,1,App getting crashed,Phone pe app is getting crashed everytime I am clicking anywhere after phone update. Please support on it as I am not able to even raise ticket on app,2025-10-27T10:06:05-07:00,25.1003.06,0
madhu polnati,4,Good app,Good transaction app,2025-10-27T06:31:44-07:00,25.1003.06,0
Naresh Sir,5,Outstanding,Outstanding,2025-10-27T05:07:53-07:00,25.1003.06,0
Santhan29,5,Superr,Excellent,2025-10-26T23:57:46-07:00,25.1003.06,0
JonesSelvabalan,1,App is keep crashing,"Since last night PhonePe is crashing whenever I load the application. Tried updating as well, still it is crashing. Please do something ASAP",2025-10-26T23:40:51-07:00,25.1003.06,0
Akash vaani,1,Aa,Don’t buy gold from this app useless app ever for buying digital gold,2025-10-26T21:37:23-07:00,25.1003.06,0
Moharman arman,5,Good,Good,2025-10-26T21:24:53-07:00,25.1003.06,0
I’m lulling,5,Wow so amezing l,Acha bhai he,2025-10-26T08:20:16-07:00,25.1003.06,0
akash1663007736662725277228,5,👌,👌,2025-10-26T00:07:07-07:00,25.1003.06,0
Aadii Aadil,5,Aadil,Aadii,2025-10-25T23:59:20-07:00,25.1003.06,0
Mr Jamna persad,1,Update to the phone pe,One star,2025-10-25T23:41:25-07:00,25.1003.06,0
Rt@156,5,Super,And my favourite app,2025-10-25T21:11:08-07:00,25.1003.06,0
Mr.Gpreet,5,Excellent,All rounder great service,2025-10-25T18:22:06-07:00,25.1003.06,0
Shaan C Lad,5,Fastest way to transfer money,Quick and easy service,2025-10-25T03:19:55-07:00,25.1003.06,0
214anup,1,Bad notification,"Bad notification, PhonePe app",2025-10-25T02:37:58-07:00,25.1003.06,0
Lucky Hari,5,Very useful app,Tax,2025-10-24T23:59:17-07:00,25.1003.06,0
Show my Feedback,1,Chor Application,This app is a fraud app. Never work as per the offers and terms and conditions. And most importantly pathetic customer support.,2025-10-24T22:16:09-07:00,25.1003.06,0
Tojinder Rathour,5,Good,"This
App is so good",2025-10-24T20:54:02-07:00,25.1003.06,0
Deepaksing,5,For good service,Best payment apps,2025-10-24T19:50:50-07:00,25.1003.06,0
sunnYY SAAB,5,MR 007,💥 give me cash back,2025-10-24T10:24:08-07:00,25.1003.06,0
زبير جمال,5,Good,Good,2025-10-24T08:56:27-07:00,25.1003.06,0
Bhai mera,5,Mangalore Store,It’s famous on there tasty charts and love too eat there only not others,2025-10-24T08:46:43-07:00,25.1003.06,0
I lv me,1,Phone pay not working,Error occurred While open application,2025-10-24T05:07:13-07:00,25.1003.06,0
Sumitmndl,1,App not opening,Automatically closing app,2025-10-24T04:14:18-07:00,25.1003.06,0
bhjtb,2,No clarity on cashback,"I started using PhonePe after reading that it has a good cashback reward scheme. The app Is usually snappy. However, after making several payments (credit card  bill, electricity bill), I find there is no consistency - it seems to be a lottery. After complaining, I’m now getting Silent calls (they call & say nothing, or put me on hold - I waited upto 10minutes - then they post a response about being cut off) from their Support team.

Time to move on, I think.",2025-10-24T01:18:07-07:00,25.1003.06,0
Junnuritik,5,Nice features,Excellent services,2025-10-24T00:15:27-07:00,25.1003.06,0
Rey rizzu,5,Kk,Kk,2025-10-23T22:50:40-07:00,25.1003.06,0
Srinivas gastro,1,Stopped working suddenly.No one to respond,My phone pe app suddenly stopped working and Repeated attempts to reinstall not successful.Tried contacting customer care but no one to respond except prerecorded IVR.I have some funds blocked in Phone Pe Lite don’t know how to retrieve them.Better not to use this app.Very irresponsible attitude,2025-10-23T19:03:07-07:00,25.1003.06,0
Gurzar is great,5,Google,Apple lover,2025-10-23T09:53:44-07:00,25.1003.06,0
Smile Suri,5,Super,Perfect invention nice,2025-10-23T07:42:50-07:00,25.1003.06,0
Kesavkt,1,Delay on transactions,Processing time is more,2025-10-23T04:53:42-07:00,25.1003.06,0
Rahil Alvi,3,Ads,I hate ads,2025-10-23T04:48:54-07:00,25.1003.06,0
duttasayan,5,App login problem,I’m facing a problem tegarding login from yesterday. The app interface keeps loading and not processing anything! Please fix it ASAP.,2025-10-23T03:38:31-07:00,25.1003.06,0
Vicky@2228,5,Nice App,After changing phone it take only minute to activate PhonePe account. Whether gpay takes more than two days.,2025-10-23T02:55:57-07:00,25.1003.06,0
Yadav 12,1,PhonePe wallet,Ticket raised three days ago but not get any resolution yet,2025-10-22T21:31:10-07:00,25.1003.00,0
Gjsjskknebee,1,Phone pay,Average or good,2025-10-22T12:49:17-07:00,25.1003.00,0
Touqer raza,5,Touqer,Raza,2025-10-22T09:25:11-07:00,25.1003.00,0
Avesh khan 1313,5,New phone pe,New phone pe,2025-10-22T04:18:51-07:00,25.1003.00,0
DrPraveenP,5,Good for NRI banking,I use phone pe using my Dubai phone number and NRI bank account. This feature is not available in GPay yet.,2025-10-22T02:54:34-07:00,25.1003.00,0
Ente reviews,1,Never buying insurance through PhonePe again — total scam vibes,"Please don’t buy insurance through PhonePe. I renewed my Star Health policy 2  weeks ago through their platform — money deducted instantly, but the policy still not renewed. Every two days, their team asks for “two more days” to fix it. It’s been two week of the same excuse.

At this point, I don’t even have active insurance, and their customer care seems completely clueless no matter how many times I explain the issue. I guess the only thing that works fast at PhonePe is their payment gateway — everything else is a black hole.",2025-10-22T00:21:42-07:00,25.1003.00,0
A C Reddy,5,Nice app,Very good,2025-10-21T23:39:43-07:00,25.1003.00,0
Gurrala shiva,5,Gutala,Shiva,2025-10-21T22:10:02-07:00,25.1003.00,0
Malikdhxhv it s,3,Ana’s,My dad has has a eye,2025-10-21T04:48:42-07:00,25.1003.00,0
Darshan shaiva,5,Easy to payment,Excellent,2025-10-21T03:24:06-07:00,25.1003.00,0
Rajesh sh’s,5,Jjj,Gig,2025-10-21T02:59:52-07:00,25.1003.00,0
Vahid aslam shaikh,5,Thanks gor starting my online pay i am so exited for you ❤️,5stars,2025-10-20T15:21:25-07:00,25.1003.00,0
Aian’s apple,5,Recharge king phone pe,Always recharge making very easy in phone pe 👍,2025-10-20T08:40:05-07:00,25.1003.00,0
NayeemR22,5,Reliable payments,Secure and easy payments.. very less failures,2025-10-20T06:04:16-07:00,25.1003.00,0
srwn singh,5,nyc,nyc,2025-10-20T04:58:24-07:00,25.1003.00,0
Sayan Mandal,5,Nice,Nice,2025-10-20T04:02:24-07:00,25.1003.00,0
bkpand,5,Phone Pe,Great app for quick payments. But no rewards for big payments which is not good.,2025-10-20T00:26:33-07:00,25.1003.00,0
hr happy,1,Unable to use phone on iPhone 6,Phone pay and iPhone making us fool . Unable to use phone  pay in iphone 6 . Help me,2025-10-20T00:12:54-07:00,25.0613.05,0
Shammmas rafeeque,5,Performance,What a good performance need more cashback,2025-10-19T23:53:33-07:00,25.1003.00,0
Zikrul alam,5,Good,Good 👍,2025-10-19T23:16:13-07:00,25.1003.00,0
Satya9933,5,Just like a wow 😍,"Simple use, all payments and transactions at one place, simply awesome 🤩… love 💖 you PhonePe 💵",2025-10-19T22:25:51-07:00,25.1003.00,0
Mangal11144,5,Best app upi,Excellent for all payment purposes,2025-10-19T16:53:05-07:00,25.1003.00,0
marvel azu,1,Phone pe not downloading,It’s not working in my phone my phone I phone 12 it’s not downloaded in this app,2025-10-19T14:28:14-07:00,25.1003.00,0
Arunvishwakarma__,1,Worst Application,This is worst payment application and leave this as soon as possible.,2025-10-19T12:56:49-07:00,25.1003.00,0
TOM SHIBU,5,Good,Very Good,2025-10-19T07:38:33-07:00,25.1003.00,0
Nad@223,4,Good,Good,2025-10-19T04:58:42-07:00,25.1003.00,0
Nadeem46,5,Great,Great,2025-10-19T01:20:29-07:00,25.1003.00,0
MKS@22,5,Manoj K SAIN,Good Sevices,2025-10-19T01:08:02-07:00,25.1003.00,0
Ashokkumar's,5,Perfect,Perfect,2025-10-18T23:53:40-07:00,25.1003.00,0
Aaaaaaaaaakp,1,A,Worst UPI app,2025-10-18T23:27:33-07:00,25.1003.00,0
Chakri1314,3,Background App,"I was facing some issue while when I was open, app UI is freezing on opening",2025-10-18T22:16:41-07:00,25.1003.00,0
Evasree,3,Comparison,"When comparing G Pay ( at least to me) appears to be more user friendly. This may well be due to the fact I have been using G pay services for quite some time, having said so I still rate G Pay lay-out’s etc are superior to PhonePe .
#EvaSree#",2025-10-18T21:23:18-07:00,25.1003.00,0
Kishanraj Balotra,5,Kishan singh,Rajpurohit,2025-10-18T21:02:14-07:00,25.1003.00,0
shaz 😘,5,Jewan Saathi 😍,Make a life very easy !!,2025-10-18T20:32:09-07:00,25.1003.00,0
Prakashk@king,5,Awesome,We will not let you go down,2025-10-18T19:41:13-07:00,25.1003.00,0
Aryan Khan 786,3,Helpful,Easy to transfer and receive money,2025-10-18T18:27:29-07:00,25.1003.00,0
Athxxl,5,Spr,Spr,2025-10-18T09:51:57-07:00,25.1003.00,0
Vkb bas,5,Vkb,Nice,2025-10-18T09:14:56-07:00,25.1003.00,0
Ujhfgghhj,5,Good,Good,2025-10-18T07:56:52-07:00,25.1003.00,0
Zaki @50,5,Praise,"Maja aa raha hai
Simple easy and fast",2025-10-18T06:12:37-07:00,25.1003.00,0
Barad Harshad,5,Good,Super,2025-10-18T04:16:56-07:00,25.1003.00,0
Aksh510,5,Phonpay upi payment app,This payment app is very grateful service I used this app last 4th year but my pay has even all payments successful !,2025-10-18T03:35:18-07:00,25.1003.00,0
Bavnjibhia bariy,5,Good app,Good luck,2025-10-18T02:12:28-07:00,25.1003.00,0
vaghela kiran,5,good,good,2025-10-17T22:05:21-07:00,25.1003.00,0
Vishesh pant,5,About phone pe,Very safe and secure app. Love it,2025-10-17T21:51:40-07:00,25.1003.00,0
Sij1985,5,Great one,It’s really easier to make payments,2025-10-17T08:52:52-07:00,25.1003.00,0
Sharry7777,1,Worst service,No one can accept upi credit,2025-10-17T05:52:09-07:00,25.1003.00,0
Bike service @,5,Bike service,Outstanding,2025-10-17T04:50:36-07:00,25.1003.00,0
Apsra je,5,Toko international,Interesting,2025-10-17T02:59:40-07:00,25.1003.00,0
Hemanth11,5,Hemanth,Nice app,2025-10-16T22:44:51-07:00,25.0919.07,0
CCTV hi king,2,Review,More platform fee,2025-10-16T19:40:45-07:00,25.0919.07,0
Madiga manohar,5,Super,Super,2025-10-16T18:55:56-07:00,25.0919.07,0
Lalmidhun k,5,T,Good,2025-10-16T12:36:23-07:00,25.0919.07,0
Reephat D,5,Excellent app,Not experienced any kind of trouble while using the app these days. Nice UI.,2025-10-16T10:31:10-07:00,25.0919.07,0
Vanshiiiiiiiiiiiiii,5,It’s great,It’s great,2025-10-16T10:02:57-07:00,25.0919.07,0
@(e54,5,Good,Indian app,2025-10-16T09:57:31-07:00,25.0919.07,0
Pappu Choubey,5,Good,Very good service,2025-10-16T05:47:59-07:00,25.0919.07,0
ronystar13,5,Cool application,Never ever stuck my money,2025-10-16T03:31:05-07:00,25.0919.07,0
Nikhillv95,4,India’s first payment choice,Effective product,2025-10-15T22:36:31-07:00,25.0919.07,0
15SMS,2,It needs a lot of improvement,I have stopped using this app because of so many issues,2025-10-15T21:16:25-07:00,25.0919.07,0
As aman,5,Best marketing by Amazon,Best shopping app,2025-10-15T21:00:52-07:00,25.0919.07,0
Fantastic and pure reliable,5,Fantastic app,Good and very reliable,2025-10-15T20:31:33-07:00,25.0919.07,0
Pankaj kumar good balu,5,Good,Good,2025-10-15T19:01:41-07:00,25.0919.07,0
Xar1963,5,The best app ever!!,"I love PhonePe, no other UPI Apps can ever match the interface. Best UPI ever!",2025-10-15T14:58:45-07:00,25.0919.07,0
nanhansjjjs,5,Good interface,Best upi app good and easy to used interface,2025-10-15T10:19:40-07:00,25.0919.07,0
SAHIL MastNath,5,Best app,Best app for payment,2025-10-15T08:45:46-07:00,25.0919.07,0
Diablo@1235,1,Horrible Experience,I’ve been using this app for ages now it was all fine until. There was an issue. I have been trying to highlight this issue for over a month now. For the first one week the tickets were not being registered. Then on 1st Oct a ticket was created and is still under “Being Processed” status and it’s 15th Oct.,2025-10-15T01:31:13-07:00,25.0919.07,0
Vishhahah,5,nice,good,2025-10-14T23:30:28-07:00,25.0919.07,0
Pikuukanam,5,Easy to use,User friendly,2025-10-14T22:41:03-07:00,25.0919.07,0
Anonymousmshb,1,Technical Error,I switched Device And Login on other device and It ask for verification and Send 4 text msgs all msgs were sent but then it says technical error what a Stupidity,2025-10-14T22:06:26-07:00,25.0919.07,0
Hnnzla,1,Can’t send money,I don’t understand the concept of sending only 5000 at a time it’s really annoying please make my account working like before,2025-10-14T21:57:02-07:00,25.0919.07,0
Omshreee,5,Deepa,"Very good 

I like and prefer others to use",2025-10-14T09:24:01-07:00,25.0919.07,0
Pradeep chinni,5,Fast payment,Good,2025-10-14T08:09:20-07:00,25.0919.07,0
Manita manger,5,Very nice,Good,2025-10-14T05:03:18-07:00,25.0919.07,0
Hemloooooooo,5,Switched to it,Switched to it from google pay really loving the speed and glitchless payments unlike GPAY where automatic payment requests took even 24 hours to show even after updating app but HERE WITHINS SECONDS,2025-10-14T03:00:25-07:00,25.0919.07,0
Manju m g,5,Good,Amazing,2025-10-13T11:17:49-07:00,25.0919.06,0
Nity Kishori,5,I’m satisfied,Very nice,2025-10-13T10:13:26-07:00,25.0919.06,0
Dc mehra,1,Extra pay,Ghatiya,2025-10-13T08:45:10-07:00,25.0919.06,0
Aryan chahar,5,Best app,Earlier i use other UPI apps like paytm but when i switch to this i never feel down by this app its GUI interface and easy to use and understandable icons are good,2025-10-13T07:13:52-07:00,25.0919.06,0
pqkdkjdhdujxjdjsoaia,4,Review of Deepak Sethi,Very good,2025-10-13T02:21:15-07:00,25.0919.06,0
GP1750,5,Nice,Good,2025-10-12T23:23:15-07:00,25.0919.06,0
gssony,5,Goodness,Good,2025-10-12T22:40:21-07:00,25.0919.06,0
Awwshish,1,Front camera auto default for scanning,"Pls help to correct the fault, want to scan through back camera only, not finding any way to register complain",2025-10-12T21:35:59-07:00,25.0919.06,0
Naveen nannu,5,Services,Excellent,2025-10-12T19:53:33-07:00,25.0919.06,0
Sona Dhaliwal,5,My pride,5 star friend,2025-10-12T16:12:51-07:00,25.0919.06,0
Rokhda💲,5,PhonePe,PhonePe,2025-10-12T12:56:35-07:00,25.0919.06,0
Vips201983,3,App Reinstallation to pay each time (iOS),"Is it common with everyone who is using older version of iOS (15 or earlier) has to reinstall the app each time you make a payment. for me, Once reinstalled the app works fine for multiple payments in one go, but once I close the app, the only way to make it work is to reinstall it. 
Requesting Phone pe team to visit this issue.",2025-10-12T07:28:26-07:00,25.0919.06,0
Mohd 604,5,Experience,Osm,2025-10-12T02:32:38-07:00,25.0919.06,0
Sweetyrizu186,5,Money pay,I enjoyed to pay money in paytm its easy to pay the upi,2025-10-12T02:07:25-07:00,25.0919.06,0
Samadhan bodkhe,5,6666,9999,2025-10-11T22:13:12-07:00,25.0919.06,0
avtar brar pola,5,review,very good idea,2025-10-11T21:54:58-07:00,25.0919.06,0
harshit7711,1,mkc,tmkc,2025-10-11T09:30:33-07:00,25.0919.06,0
Jahew,1,Fraud service scammer,Bad costumer service,2025-10-11T05:39:53-07:00,25.0919.06,0
Ketan chhatrola,5,Ketan,Good service,2025-10-11T01:40:20-07:00,25.0919.06,0
Krishan Kr,5,Great experience,Flawless UPI system,2025-10-10T21:11:54-07:00,25.0919.06,0
Tata recharge,5,Tata,Recharge,2025-10-10T18:40:46-07:00,25.0919.06,0
maddystarpro,3,White screen,"There is a white screen coming when i try to open phonepe app, please fix this issue",2025-10-10T12:02:02-07:00,25.0613.05,0
vishesh1213,1,balance fetching issue,worrst app ever used in my life uninstalled right now,2025-10-10T10:14:03-07:00,25.0919.06,0
sgsankar,5,Worest,Waste adds,2025-10-10T08:35:22-07:00,25.0919.06,0
Prasanna chowdary,1,Failed transactions,Not useful for low network areas and transaction faliure problems are more,2025-10-10T07:37:22-07:00,25.0919.06,0
Bheemanath,5,Good,Better,2025-10-10T07:37:19-07:00,25.0919.06,0
bhupinderminhas,5,Good,Nice and safe aap.,2025-10-10T07:14:12-07:00,25.0919.06,0
𝕤𝕒𝕘𝕒𝕣,5,Excellent,Perfect,2025-10-10T05:53:24-07:00,25.0919.06,0
*PARV*,1,No log in from previous 1 yr,Please help to log in phone pay. I m trying so many time but not open,2025-10-10T02:27:46-07:00,25.0919.06,0
D Sankar,5,Excellent,Very useful,2025-10-10T00:33:48-07:00,25.0919.06,0
Ashifn,5,Review,"Great app
lots of cosmetic items",2025-10-09T23:13:12-07:00,25.0919.06,0
Failedtransaction,1,Payment related,"I made a payment, but it showed as “processing” and the amount was deducted. So, I made the payment again using another account. After two to three days, the earlier “processing” transaction was also marked as successful. I’m not sure what to do now, as there’s no proper help option available for this issue.",2025-10-09T09:03:21-07:00,25.0919.06,0
Mustafa patve,5,Review,Awesome,2025-10-09T08:55:38-07:00,25.0919.06,0
Montypks,5,Nice,Great app,2025-10-09T07:58:22-07:00,25.0919.06,0
Bharatbhai Chovatiya,5,Phone Richard352,352,2025-10-09T07:18:19-07:00,25.0919.06,0
Balram308,5,Nice app,After using all came to this only,2025-10-09T06:05:24-07:00,25.0919.06,0
મારુતિ ડીજે,5,Nice,Mahabad,2025-10-09T05:26:02-07:00,25.0919.06,0
Prabh dang,5,Gold,Good saving,2025-10-09T04:40:03-07:00,25.0919.06,0
TUSH7272,5,Best for any payment,Love it,2025-10-09T03:20:09-07:00,25.0919.06,0
Abhu panda,5,Wow,Great,2025-10-09T01:43:17-07:00,25.0919.06,0
Arjan M’Ratta!,5,Bill Payment,Excellent System!,2025-10-09T00:40:35-07:00,25.0919.06,0
MeticulouslyYours,3,Requesting an update,"Please let us add caption in each payment. When we are tracking the monthly expenses we see random merchant names or just Amazon, flipkart etc. It’s a headache to track our expenditure. Please give a caption option for each payment that also appears in the history.",2025-10-08T23:43:12-07:00,25.0919.06,0
Go-pee,5,Convenient app,There are good number of store using PgonePe and one f the flexible payment options.,2025-10-08T21:35:03-07:00,25.0919.06,0
Akhta..3002,5,Very nice,Super,2025-10-08T17:39:34-07:00,25.0919.06,0
Iambornfire,5,Fantastic update,New update is excellent 👌,2025-10-08T17:14:51-07:00,25.0919.06,0
Akki#,5,Good,Good,2025-10-08T04:38:17-07:00,25.0919.06,0
GURUX__0001,1,For issue payment,Phone pay is not proper work when I opened my phone pay than show white screen,2025-10-08T04:09:47-07:00,25.0613.05,0
bechan ji,5,must,must,2025-10-08T01:01:03-07:00,25.0919.06,0
Utkarsh111,1,Gold delivery is not happening,I had ordered to deliver my gold in physical but order is showing in progress from 5 days of placing order. No direct contact number to reach out. Poor support.,2025-10-08T00:04:01-07:00,25.0919.06,0
Dhanpat agrawal,5,Money transfer,Very convenient and reliable apps for new users as well as experience,2025-10-07T21:51:23-07:00,25.0919.06,0
Kailash 007,5,Best UPI app forever,Best UPI app forever,2025-10-07T19:15:12-07:00,25.0905.05,0
Prince P J Singh,1,Bad Expense,Very bad experience with PhonePe. Our account was deleted without any prior notice or information. This sudden action has completely stopped our transactions and caused serious inconvenience to our business. Extremely disappointed with the lack of communication and accountability. Urgent action is needed to resolve this issue.,2025-10-07T08:42:13-07:00,25.0905.05,0
Malik S K,5,Too good,Too fast,2025-10-07T08:14:43-07:00,25.0905.05,0
Ranjeet Kumar Sharma,1,Very Bad Service,for any enquiry or escalation only IVE available,2025-10-07T00:35:17-07:00,25.0905.05,0
MSridevixyz,1,Unwarranted testriction,Not able to transfer more than 5 K,2025-10-06T23:01:23-07:00,25.0905.05,0
fayazshaik,5,Good,Good,2025-10-06T22:43:14-07:00,25.0905.05,0
Appie_82,5,Awesome,Very easy to use,2025-10-06T07:43:01-07:00,25.0905.05,0
Avinashpandu,5,Nice,Nice payments,2025-10-06T07:34:12-07:00,25.0905.05,0
Kb Ansari,1,Paid Maloney without permission,Phone pay used my privacy without my permission and paid 1019 rupees to google pay,2025-10-06T04:26:24-07:00,25.0905.05,0
Veeraswamy gouda141,1,App not working,App not working properly on iPhone 7 Plus,2025-10-06T04:23:57-07:00,25.0613.05,0
Shank2198,1,Very slow and poor functioning app,Very slow and poor functioning app,2025-10-05T23:55:38-07:00,25.0905.05,0
gcigit,5,Bil,1177,2025-10-05T23:10:55-07:00,25.0905.05,0
Swamy pbn,5,Fast service,Good forfarance,2025-10-05T22:08:58-07:00,25.0905.05,0
Alisha mokhtar,5,Help full,Ezi h good like this app,2025-10-05T21:05:02-07:00,25.0905.05,0
Prakashsingh Chouhan,5,Payment,Secure payment all types,2025-10-05T20:09:06-07:00,25.0905.05,0
paras somaiya,5,Phone pay,Very fast operating these days keep it up,2025-10-05T19:48:20-07:00,25.0905.05,0
Pankaj Kumar Mehta,5,🫡👍,Best,2025-10-05T19:07:00-07:00,25.0905.05,0
Patsav Academy,5,Best UPI app,By Far The Most Easiest & Comfortable User Experience UPi App,2025-10-05T11:16:23-07:00,25.0905.05,0
Dinesh fc,4,Great,Great app,2025-10-05T10:05:57-07:00,25.0905.05,0
alok2288,5,In,No,2025-10-05T09:48:40-07:00,25.0905.05,0
Dangi619,1,Worst service,Worst,2025-10-05T07:38:27-07:00,25.0905.05,0
tammup,5,nice,it's simply awesome,2025-10-05T06:47:16-07:00,25.0905.05,0
Gaurav-9764,5,Phone pay,Very useful app for smooth transition,2025-10-05T01:22:19-07:00,25.0905.05,0
riyalaha,1,Pathetic app,Such a pathetic application. I had a worst experience with phonepe. I used to be a regular phonepe user and then i changed my phone and purchased a new phone and since then I am not able to use phone Pe at all. It’s giving me error and not even letting me add my bank accounts. I contacted their support and they are such useless people!!!! No resolution no response and they closed my ticket. So yes Google pay is much  better option and i am switching to that permanently,2025-10-05T00:45:12-07:00,25.0905.05,0
pybeast,3,Gold AutoPay Bug / Fraud,"There’re issues with Gold Autopay in my iOS device. I am not able to see full history of autopay transactions. I could only see few of them. Also on autopay history page, the transaction date time doesn’t match with the ones that is on Invoice. Please fix this ASAP. As it’s very much difficult to know when I did the actual transaction 🙂‍↔️🙂‍↔️😕",2025-10-04T22:18:14-07:00,25.0905.05,0
Jorlbhsjnsdbn,1,Me,Net,2025-10-04T21:32:14-07:00,25.0905.05,0
Sachin sac sac,1,Stupid guys,Your stupidity to set app as default uninstalling  app never install again,2025-10-04T11:26:35-07:00,25.0905.05,0
Shailru,2,Never load wallet,Please don’t load wallet here. They will never give you the option for payment through wallet. Also u can’t load upi lite through wallet. Beggars 😂,2025-10-04T09:12:27-07:00,25.0905.05,0
Ankushrao,5,Nice,Very good,2025-10-04T07:35:37-07:00,25.0905.05,0
RahulRGowda,3,Important change required,"Dear developers, the PhonePe app always works smother and better but the important feature missing is there should be option to clear chat or delete chat. At least clearing messages or deleting messages should be added in the future. If transactions are not able to delete that’s fine but chat messages should be given option to clear those.",2025-10-04T06:57:00-07:00,25.0905.05,0
Sahil1171,5,Good,Good,2025-10-04T06:37:10-07:00,25.0905.05,0
Prusty Kailash,5,Review,Working well,2025-10-04T04:24:21-07:00,25.0905.05,0
ankit.timbadia,5,Amazing app,Very very fast,2025-10-04T01:07:24-07:00,25.0905.05,0
rahulzuse,1,Issue with scan and pay,After scanning any qr and selecting bank account to proceed the page stucks at loading section same issue with upi request,2025-10-04T00:29:05-07:00,25.0905.05,0
dr.rahul0987,5,Remove Add,Remove adds,2025-10-03T20:33:55-07:00,25.0905.05,0
Reddy-666,1,Baqwaas App ever,It’s been more than 70 hours but still I can’t make payments in my new iPhone and not able to connect to customer care 😡🤬😡🤬😡☹️☹️,2025-10-03T12:45:11-07:00,25.0905.05,0
Tonhi11,5,This payment app is great. It works so smooth seamlessly… I love it.,This is a beautifully designed app,2025-10-03T09:36:32-07:00,25.0905.05,0
Satwik sinha,1,Logout,"My account keeps getting logged out and does not login now. Worst payment app. Says kyc pending, what kyc man? I am using other payment apps, and also i have done this once now happened again twice in a week. Now when i click contact support, error 404 not found. Deleting this app for ever.",2025-10-03T00:52:32-07:00,25.0905.05,0
dpshori,5,Very nice,Very good,2025-10-02T21:37:05-07:00,25.0905.05,0
Pedestal ku,5,One of the Best App,Good,2025-10-02T21:13:23-07:00,25.0905.05,0
LokeshRaghav,5,Good,Very good,2025-10-02T21:09:45-07:00,25.0905.05,0
Chetan_Bandge,5,Perfectly coded app ever,"No glitches, no errors, no worries",2025-10-02T20:51:39-07:00,25.0905.05,0
Varma Rajesh,5,Good,hassle free transfer,2025-10-02T11:57:14-07:00,25.0905.05,0
NoSupport001,1,Scanner widget on IPhone lock-screen not working better,"I want to highlight the bug, i have added qr scanner widget on my ios device’s lockscreen. It doesn’t open the camera ui, instead it get stuck at white background . Pls rectify thisissue",2025-10-02T11:09:42-07:00,25.0905.05,0
drshivchoudhary,5,Working slow,Very slow,2025-10-02T08:51:09-07:00,25.0905.05,0
RatnaPaul,5,Paul,Super app,2025-10-02T08:02:19-07:00,25.0905.05,0
Lakshya Sahu,5,Phone pe is Good,Phone pe very good,2025-10-02T07:26:44-07:00,25.0905.05,0
Damnmakethisoptional,1,Fooling customers by using dark patterns to generate revenue,Fooling customers by using dark patterns to generate revenue,2025-10-02T07:26:00-07:00,25.0905.05,0
Mayur_marq,5,Best App for UPI,Liked it for UPI transactions,2025-10-02T06:43:29-07:00,25.0905.05,0
Chith k,1,Unable to disable autopay,After a phone reset my PhonePe is not working and I am not able to pause / delete my autopay. Because of this I am losing money every week. Their customer care is hopeless. They have no clue change resolution date one after another that’s what they do.,2025-10-02T01:23:44-07:00,25.0905.05,0
Wisestfly1192,1,Notification Preferences option is not there,"Not able to see the option to turn off notifications related to promotions, I don’t see any option to stop notifications what the hell is wrong with this app ?",2025-10-02T00:41:59-07:00,25.0905.05,0
QR code scan problem,3,After Scan QR code information not fast loading,After i have scan a QR code information not fast loading,2025-10-01T08:20:56-07:00,25.0905.05,0
Adv Tanmay,5,Digital Platforms,Awesome and good service,2025-10-01T07:49:06-07:00,25.0905.05,0
Ashu Sonone,3,Not loading properly,Gold savings and balance check window is not loading at all started facing these issue since Oct 1st 2026,2025-10-01T05:12:26-07:00,25.0905.05,0
Shabu fatha,5,Good app,Goood,2025-10-01T00:27:21-07:00,25.0905.05,0
JAGDISHSINH VAGHELA,5,Good working app,World best app Good Working,2025-09-30T22:22:33-07:00,25.0905.05,0
srk0425,1,Charges,U r taking too much charges,2025-09-30T22:15:02-07:00,25.0905.05,0
Phone Pay App,5,Financial Transactions,Very Safe and Secure App,2025-09-30T19:19:18-07:00,25.0905.05,0
Tikaram mahto,1,Accessibility issues for voiceover users,"Pohnpei is the largest online payment app in India, but it has lots up accessibility issues such as unlevel buttons and label graphics. Bottom of the menus are not labeled so kindly make it accessible for voiceover users.",2025-09-30T18:35:35-07:00,25.0905.05,0
Usman choksi,5,Nice,Best app for upi,2025-09-30T11:14:38-07:00,25.0905.05,0
Shanteshwar,5,“Suggestion for Voice Alert Feature to Enhance User Experience”,"“The PhonePe app is excellent, but it would be even better if a voice alert feature for receiving money was available for regular users, similar to what merchants have. This would enhance convenience and ensure users don’t miss any transactions.”",2025-09-30T10:55:44-07:00,25.0905.05,0
Ranjith ppm,3,Not showing proper balance,When i check my balance it always showing 10k additional balance !,2025-09-30T09:33:48-07:00,25.0905.05,0
Kumar bendi,5,Good,4:5,2025-09-30T09:25:12-07:00,25.0905.05,0
kiran j patel,5,Nice,Good service,2025-09-30T05:33:47-07:00,25.0905.05,0
Nothing less,5,Hi,Good fast accurate easy to send and receive money,2025-09-30T04:46:26-07:00,25.0905.05,0
Karthik .M.K,2,Related to upi payments,From last month I’m not able to make any type of upi payment it’s saying that on the time of verification of device it displays update your device to ios 17. From last 2.5 years I’m using phonepe but at that time there were no issue but now I’m not able to use the upi payment can you help me out with it.,2025-09-30T03:45:26-07:00,25.0905.05,0
Zhatur pakshi,5,Nice,Good work,2025-09-30T03:33:58-07:00,25.0905.05,0
sandesh adhav,3,issue,not connecting,2025-09-30T02:44:11-07:00,25.0905.05,0
Divyesh y,5,Phone pe is good app,Good,2025-09-30T02:12:13-07:00,25.0905.05,0
चमेली,2,A,Unable to receive OTP,2025-09-30T01:11:47-07:00,25.0905.05,0
Advocate tyagi ji,5,Nice,Working very nice,2025-09-30T00:40:48-07:00,25.0905.05,0
uma chintala,5,UMa,Good,2025-09-29T20:43:38-07:00,25.0905.05,0
V3_store_,5,Good,Very,2025-09-29T18:34:25-07:00,25.0905.05,0
Abhi0492,5,Fast tag,Amazing,2025-09-29T18:32:20-07:00,25.0905.05,0
Sarpanchsiya,1,Can’t reset my UPI PIN,"From august I can’t reset my account pin .
OTP sent to my number but when i put OTP in the application show incorrect. I write complaint in bank but not resolved this . Facing to much issue pls help",2025-09-29T11:20:45-07:00,25.0905.05,0
saisweety,5,Rent payment not visible,Please add rent payment,2025-09-29T10:17:09-07:00,25.0905.05,0
Jetesh Moudgil,1,Not a good experience,Worst Experience. Autopay's are unable to delete.,2025-09-29T09:36:57-07:00,25.0905.05,0
awesomeasad07,1,don't add links while sharing screenshots,dont add text or links while sharing payment receipts,2025-09-29T08:58:59-07:00,25.0905.05,0
Vasudendra,1,There is no Benefit like cash back and something,There is no Any Benefit from phone pay I use to do minimum 10 to 12 transaction from PP app,2025-09-29T08:37:37-07:00,25.0905.05,0
Mihir Oza,1,Self transfer is taking more time to credit,Self transfer is taking more time to credit it’s debit on time and to credit to another account it’s taking more time so so if you need to do urgent transfer then I should not suggest.,2025-09-29T05:50:40-07:00,25.0905.05,0
Sudha1967,5,Excellent service,Fully developed app,2025-09-29T02:57:13-07:00,25.0905.05,0
rajesh cherry,5,iCloud,awesome,2025-09-28T12:43:33-07:00,25.0905.05,0
haroon19k,1,Auto pay,It’s very bad to give permission for auto pay it’s our choise,2025-09-28T11:39:09-07:00,25.0905.05,0
Bharath 88,2,After update,After update Phonepe is still slow in update the transfers,2025-09-28T09:19:33-07:00,25.0905.05,0
RG LEGEND,5,"Today 7:28 PM, hundred rupees in not credited in my PhonePe. Please check it. Fix my issue.",O,2025-09-28T06:59:28-07:00,25.0905.05,0
Dpb700,1,Unethical practices by PhonePe (Stay away and uninstall),"after 23 days with 5 resolution date extension, PhonePe is denying eligible offer benefits. This is even sharing offer screenshots received via push notifications and inapp communication.
Highly uneithical malpractices.",2025-09-28T03:16:04-07:00,25.0905.05,0
Babu@@,5,Nice,Exallent,2025-09-28T00:54:12-07:00,25.0905.05,0
Aandal✌️,5,Receivers bank issue,We lost so much cause of no proper msg and calls from receivers bank cause once we send the money but it showing transaction pending for us as receivers received the money but they say it will reflect to your bank again we will paying cause off the bank issues the receivers bank is getting double payments like this we lost so much money,2025-09-28T00:35:10-07:00,25.0905.05,0
abhisura,1,App not supporting on ios 15,Please make suitable adjustments so that app can be supported on ios earlier than 16,2025-09-27T03:34:31-07:00,25.0613.05,0
Nabu Thakur,5,Good,Good worker,2025-09-27T03:18:36-07:00,25.0905.05,0
Suma Bennur,2,Too many unnecessary notifications,"Too much advertisements and unwanted notifications. I have to black all notifications, because of this.",2025-09-27T00:12:15-07:00,25.0905.05,0
kotipalli sudhirkumar,5,This app made me so proud of India,India leading the world through Phonepay. Lightning fast transactions in a simple way . Power of UPI 😻😻,2025-09-26T08:30:43-07:00,25.0905.05,0
Kanchan Sriram,5,Payment,Excellent,2025-09-26T07:37:54-07:00,25.0905.05,0
Akhilesh VV,1,High charges,"PhonePe applies very high charges for mobile recharges, especially when using a credit card.",2025-09-26T06:42:15-07:00,25.0905.05,0
Shantharaju D,1,"Not happy with payment method, earlier payment method was good","Not happy with the current payment method, earlier payment method was good. I was able to use cards or Rupay UPI",2025-09-26T04:18:23-07:00,25.0905.05,0
Prajwal Suhas P,1,CSV statements export is missing,How can you not support a CSV statement download? Such an inconvenience for users. Only pdf statements are available.,2025-09-26T00:09:05-07:00,25.0905.05,0
Bhusshann,5,Shashi,"Good app for transaction, I using since 2018 .",2025-09-25T23:15:31-07:00,25.0905.05,0
Sunil sethy,5,Good,Good,2025-09-25T23:08:31-07:00,25.0905.05,0
Eat-healthy,1,Upi pin incorrect,I have enter the correct password but upi pin in incorrected what I am do and whom I  contact them,2025-09-25T21:00:09-07:00,25.0905.05,0
Raghuwan,1,Bekar app,Mere paise kat gaye auto pay ho gaye ab paise kon meri mehnat ki kamai thi phone pay ka jo bi malik ha mere 500 rupay de dena bs,2025-09-25T11:32:25-07:00,25.0905.05,0
sabir 007,1,Design is poor,rent payment remove,2025-09-25T09:45:41-07:00,25.0905.05,0
Shergill8822,5,Very good app,I always use this app,2025-09-25T09:35:15-07:00,25.0905.05,0
Richungactg,5,The best interface tha all other,Very good,2025-09-25T08:43:55-07:00,25.0905.05,0
Ramesh Suthar Chaba,5,Scan problem,I have face problem with phonepe scan. Open scan camera and camera automatically scan front side my face 😆. Whats the problem yaar. Should be scan rear camera scanner. Bug fixes and solve my problem. Thanks,2025-09-25T08:39:54-07:00,25.0905.05,0
Deepaklmd,1,Extra charges,5 rupes extra on a transaction,2025-09-25T07:20:52-07:00,25.0905.05,0
10220202,1,Poor integration,Not supporting,2025-09-25T04:59:48-07:00,25.0905.00,0
virusknock,2,No Payment Notifications,"I am not receiving any notifications when I receive payments on PhonePe. This is a very frustrating thing, and if it's not fixed soon, I may have to switch to another app.",2025-09-25T02:48:10-07:00,25.0905.00,0
Ready bby,5,Hp gas,Good service I really like it thank you,2025-09-25T00:39:29-07:00,25.0905.00,0
Uyfurfh,1,Getting very much problem,For opening application taking too long time and money send not showing in history,2025-09-24T23:17:31-07:00,25.0905.00,0
Mana bank,5,Super secure payments PhonePe,Very good app,2025-09-24T23:13:24-07:00,25.0905.00,0
Vineethvincentk,5,Good response,Awesome speedy transactions,2025-09-24T18:15:00-07:00,25.0905.00,0
Hungry star,5,Nice,Super,2025-09-24T07:44:46-07:00,25.0905.00,0
Vikku Perwal,1,Vikku,Bhai,2025-09-24T07:32:41-07:00,25.0905.00,0
Kashif khan 1,5,Best online Application,Best online Application in world wide,2025-09-23T21:22:11-07:00,25.0905.00,0
B#UV@N,1,App is not working for iPhone with IOS version 15 and less than 16,"PhonePe app is updated and when it is installed, the app opens only for first time. Once the app is closed it doesn’t even respond and get open.",2025-09-23T09:00:50-07:00,25.0613.05,0
Ivkarthickraj,5,Faster payments even in low internet speeds,"I’ve been using three payment platforms, I’ve experienced payment processing issues due to low internet speeds in the other payment platforms. But PhonePe always seems to work even in those situations too. This platform had helped me pay at important times. Definitely recommend.",2025-09-23T06:46:44-07:00,25.0905.00,0
Mahjabbsjdk,1,Payment failed,Phone pe app most payment fail or processing problem create,2025-09-23T06:19:46-07:00,25.0905.00,0
M_Prasad,1,Unable to do any transaction,Here I’m unable to do any UPI transaction on this app. I’ve been using this app for longer time and this is not what i was expecting from the app. Raised a ticket for this but no response from tech team. Seems like it’s time for me to move to different UPI apps.,2025-09-23T01:52:19-07:00,25.0905.00,0
j sain,5,Good service,"Problem solution very good
Good service",2025-09-22T23:53:38-07:00,25.0905.00,0
priya sampla,4,good,good,2025-09-22T23:40:34-07:00,25.0905.00,0
Phanindra Phanindra,5,Good,Good,2025-09-22T23:28:49-07:00,25.0905.00,0
Khan Sahab 07,5,Thanks full app for payment,Thank you phone pe and team ❤️🙌🏻,2025-09-22T22:30:36-07:00,25.0905.00,0
alipookodan,5,Good,Good,2025-09-22T22:29:45-07:00,25.0905.00,0
Great review rocks,5,Great,Great,2025-09-22T13:11:50-07:00,25.0905.00,0
Ganeshbhbb,5,Ok,Ok,2025-09-22T05:36:35-07:00,25.0905.00,0
Harsh-18,1,Error,Check balance option doesn’t works sometime in ios,2025-09-22T04:20:41-07:00,25.0905.00,0
UrbanGypsy94,1,Scan glitch,"This app frequently fails to scan while other apps are smoothly able to scan, payment progress is tremendously slow when signal is moderate while other apps are quite the opposite even with weak signal strength",2025-09-22T01:34:41-07:00,25.0905.00,0
Dakshjaglan,5,User Experience,Phone is the best app in India. It helped me out in the situation where I was stuck with Google pay. Really best app. Loving it.,2025-09-22T01:34:39-07:00,25.0905.00,0
Tasleem91,5,Money,Mast app,2025-09-22T00:32:46-07:00,25.0905.00,0
Its dhamo,5,Payment,Good,2025-09-21T22:44:17-07:00,25.0905.00,0
Worse 123,1,Don’t want autopay option,Give choice to make payments autopay or not,2025-09-21T21:33:43-07:00,25.0905.00,0
Sampath Billi,5,Safe app,Good,2025-09-21T06:54:00-07:00,25.0905.00,0
its_ipreet_twest,5,Supert,Cool,2025-09-21T06:01:55-07:00,25.0905.00,0
namindian,3,"Used to be am excellent app, so much distraction now","Used to fulfill needs without issues nowadays lot of unnecessary popups, advertisements and other useless things pop up. A payment app shouldn’t become an app for borrowing. Stop nonsense before one of the earliest customers is lost.",2025-09-21T05:01:27-07:00,25.0905.00,0
Raj Giri1,1,Issue with contact display,"Dear PhonePe Support Team,
I am facing a serious issue with your app. The contact names are not displaying properly, and because of that, I ended up sending money to the wrong person who wasn’t even in my contact list. I reached out to your support, but they said they can’t help and that I need to contact the bank directly. This is very inconvenient, especially since other UPI apps like Google Pay, Amazon Pay, and Navi Pay are working fine.
Please address this contact display problem urgently, as it’s causing financial mishaps. If required, you can contact me directly at my number: 9066 344 372.",2025-09-21T00:52:44-07:00,25.0905.00,0
ashishbansal.97,1,Never trust phonepe support,Took more than 1 month to resolve query and still not resolved and deduct extra amount instead of fixed emi,2025-09-21T00:38:24-07:00,25.0905.00,0
vvs1188,3,Not able to open app,Even on reinstall not able to open,2025-09-20T22:01:44-07:00,25.0613.00,0
A nani Redyy,2,Few days back not working properly,Waste,2025-09-20T21:12:39-07:00,25.0905.00,0
Haresh S K,5,Its amazing,This app is friendly n fast,2025-09-20T20:02:36-07:00,25.0905.00,0
Niraj Kumar yadav,5,Niraj Yadav,Easy transfer and secure,2025-09-20T19:37:15-07:00,25.0905.00,0
Chinna0225,1,Phonepe app not opening,Phonepe app is not opening still showing please wait only for past two days what is the solution,2025-09-20T11:39:50-07:00,25.0905.00,0
ritikasuneja,5,User Review,It’s simply amazing,2025-09-20T05:58:16-07:00,25.0905.00,0
Shajahan pothencode,5,Powerful,Lightning stars,2025-09-20T05:45:27-07:00,25.0905.00,0
Sanwla ram,1,Phone pay not working,Payment untied,2025-09-20T05:37:35-07:00,25.0905.00,0
Pranav Goswami,1,Worst design,New design is really worst.,2025-09-20T04:26:28-07:00,25.0905.00,0
Payment by ashu,5,Bill payment,Ashu,2025-09-20T03:14:16-07:00,25.0905.00,0
Mevan_ofc,1,Worst UI/UX update,"Whosever idea it was to update the UI/UX, the change is pathetic. Even after almost a year of the update, I’m still confused how to add another bank account, how to transfer money, how to pay my bills and the list continues. And if I’m facing this trouble and I’m just in my late 20s, image all the hard time our parents and other old timers are having navigating. The only reason I still haven’t offloaded the app is cuz of the new cash back offer. Once it’s over, my journey with phone pe will be over as well. And I’m very sure lot of others are on the same page. Good work Phone pe. 👏",2025-09-20T01:28:09-07:00,25.0905.00,0
Adhigowdraaa,5,Adhi,Supposed I ilke,2025-09-19T21:49:10-07:00,25.0905.00,0
RahulVerma 1983,2,No cashback,No cashback,2025-09-19T19:42:34-07:00,25.0905.00,0
Tyagihhs,1,Why are u remove Phone pay home/shop rent option ?,I recently got a problem on home/shop rent payment option in phone pay thats I’m uninstall phone pay 3 4 times but home/shop rent option is not available in phone pay app .why are you remove home/shop rent method please resolve that query it’s very serious problem for many members for phone pay app I’m already uninstall phone pay app right now . Technician team please resolve fast . It’s very big problem.,2025-09-19T10:03:23-07:00,25.0905.00,0
Chiranjib Dash,5,Nice,Nice,2025-09-19T08:17:03-07:00,25.0905.00,0
RockyAlpha,2,Not going upi payments,Not going upi payments,2025-09-19T07:27:39-07:00,25.0905.00,0
Adil raja &39,5,Vufgufgjvdfgh,Gufsgjjff,2025-09-19T06:50:02-07:00,25.0905.00,0
shanu dev,1,Non user friendly,App blocked after years of usage. Logging in option is useless and of no help. Extremely user unfriendly app,2025-09-18T22:47:03-07:00,25.0905.00,0
Vicky Darbhanga,5,Well,The,2025-09-18T12:15:30-07:00,25.0905.00,0
Hit‘s solanki,1,Wrost app ever ! very very bad  app.,Hey ! my dear people's please do not install the your mobile phone pay is very very bad and wrost app . im not hppy and satisfaction . this is the world bad app .,2025-09-18T02:59:00-07:00,25.0905.00,0
Folmgip,2,Can’t turn off Promotional notification,"This app functions properly when it comes to payments. However, the absence of no options to turn off promotional notifications on my iPhone screen is unprofessional and unfair.",2025-09-18T02:29:43-07:00,25.0905.00,0
Shan@4042,5,Goods app,Its very good app easy to use,2025-09-18T00:30:28-07:00,25.0905.00,0
Arvind jio,2,To improve a lot,No offers like Paytm or gpay and when I check balance shows more but actual it’s less,2025-09-17T18:57:40-07:00,25.0905.00,0
Gha222455()₹,3,Initiate problems,Unable to pay from last 2 days,2025-09-17T15:14:16-07:00,25.0905.00,0
Ghelabhai m fangliya,5,Good app,Mast,2025-09-17T08:47:44-07:00,25.0905.00,0
am01.ammu,1,Horrible,"“Something went wrong. Please try again later” I’m seeing this from 3 months. I guess, after default UPI I selected as GPay. It’s not good to treat like this.",2025-09-17T06:02:07-07:00,25.0905.00,0
Ss Ingale,1,Home and shop  rent payment,Home and shop rent payment credit card option not available,2025-09-17T04:31:56-07:00,25.0905.00,0
panda0000999000,2,Remove of rent pay option,"The rent payment option was very useful for me. The option is not available now. I was trying to reach customer care but no options available to contact. 
Please add the options back.",2025-09-16T23:22:09-07:00,25.0822.06,0
gameswagger,1,stop changing the interface freaking every time.,such an idiots change their interface evertime and users needs to take training to find something. stop changing the interface freaking every time.,2025-09-16T19:55:44-07:00,25.0822.06,0
Aadvik raj,5,Lucky,4,2025-09-16T07:22:49-07:00,25.0822.06,0
MSCmnd,3,Good but can be better,Can we have a feature like Paytm wherein we can come to know in advance whether a merchant accepts credit card payments via UPI?,2025-09-16T07:14:16-07:00,25.0822.06,0
Sharlinejoy,5,Good,Nothing to issue,2025-09-15T22:43:41-07:00,25.0822.06,0
Tharun venkat,2,Rent,Rent option is not showing to transfer my money. Please help me,2025-09-15T22:39:41-07:00,25.0822.06,0
Diavel_9722,1,Unable to pay,"From last two days , I am unable to do any transaction using Phone pe. When i am scanning qr code , it is showing that the qr code is not identified . Even I am unable to check my balances as well",2025-09-15T19:41:34-07:00,25.0822.06,0
Stalinbontha,5,Best,Good,2025-09-15T08:11:12-07:00,25.0822.06,0
sknarsule,5,Review,"I just want you improve in one thing......which is,when we end the 24 hrs amount transfer limit you should give countdown of when i can regain the full limit......

or simply give the limit on right hamd corner all the time",2025-09-15T07:50:38-07:00,25.0822.06,0
🫡😶‍🌫️😡😡,1,Autopay,"Facing serious problems with autopay option. 
Unable to delete , stop or pause. Customer service has not responded yet. The app has stopped recognising my bank account.",2025-09-15T01:11:14-07:00,25.0822.06,0
Prarash,1,useless,"poor customer support, no response on tickets

they don’t have any email id for complaint only customer care number where all are giving irrelevant information 

such a worst application",2025-09-14T22:55:19-07:00,25.0822.06,0
Khemraj Sharma,1,Notifications only app,No option to deactivate notifications inside app per module,2025-09-14T09:40:12-07:00,25.0822.06,0
Deep fake app cred,2,Non functional since today afternoon,Unable to pay since afternoon,2025-09-14T08:13:53-07:00,25.0822.06,0
RtanVar,5,This app is torturing me,Everytime i have to uninstall and reinstall to use. What is wrong with you ?,2025-09-14T07:54:25-07:00,25.0613.05,0
mark__42,1,Phone not working,Ye phone pe khul hi ni riya he phone pe likha aaata he fir freeg ho jata he uninstalled kr ke install kr ne pr ek bar chal ta he fir band ho jata he,2025-09-14T03:43:51-07:00,25.0613.05,0
Sameer1326383,1,Worst,Stupid app,2025-09-13T23:28:44-07:00,25.0822.06,0
Imran Belgaumi,3,Glitch on share receipt,"The app has been smooth overall, but for the past week there’s a recurring glitch — after completing a payment, the app freezes when trying to share the receipt. The only way out is to force close and restart the app. The “share receipt” option is currently not functional, which makes it inconvenient. Hope this gets fixed soon.",2025-09-13T21:05:39-07:00,25.0822.06,0
Thim007,1,Worst Customer Service,Worst Customer Service not able to rectify issue taking more than 2 weeks and still needs time worst worst worst please Do not invest in any Investment with them stay away from this app,2025-09-13T10:10:10-07:00,25.0822.06,0
Sadiya.S,1,Worst service,Unable to change the pin. When I’m resetting it I am not getting theOTP  on my Nmbr,2025-09-13T08:57:38-07:00,25.0822.06,0
Sun@19,4,So far good,Satisfactory,2025-09-13T08:29:24-07:00,25.0822.06,0
jantan6789,3,Delete history,I want payments history delete,2025-09-13T06:38:56-07:00,25.0822.06,0
nazimroy,5,Very nice,Very nice,2025-09-13T05:08:00-07:00,25.0822.06,0
Krishna dhruw,5,Op,Op,2025-09-13T02:23:13-07:00,25.0822.06,0
